Date,Dam_Name,Governorate_Served,Region,Capacity_Mm3,Current_Volume_Mm3,Per_Dam_Fill_Rate_Pct,North_Dams_Total_Mm3,Centre_Dams_Total_Mm3,Cap_Bon_Dams_Total_Mm3,National_Total_Stock_Mm3,Three_Year_Average_Stock_Mm3,Last_Year_Stock_Mm3,Current_Season_Inflow_Mm3,Previous_Season_Inflow_Mm3
2021-01-31,Sidi Salem,Béja,North,240.0,38.31,15.96,188.17,88.54,0.6,277.31,310.59,291.18,222.06,210.96
2021-01-31,Sejnane,Bizerte,North,135.0,11.26,8.34,188.17,88.54,0.6,277.31,310.59,291.18,222.06,210.96
2021-01-31,Sidi el Barrak,Béja,North,286.0,50.83,17.77,188.17,88.54,0.6,277.31,310.59,291.18,222.06,210.96
2021-01-31,Joumine,Bizerte,North,127.0,35.91,28.28,188.17,88.54,0.6,277.31,310.59,291.18,222.06,210.96
2021-01-31,Bouhertma,Jendouba,North,117.0,8.41,7.19,188.17,88.54,0.6,277.31,310.59,291.18,222.06,210.96
2021-01-31,Beni Mtir,Jendouba,North,61.0,4.39,7.19,188.17,88.54,0.6,277.31,310.59,291.18,222.06,210.96
2021-01-31,Kasseb,Béja,North,77.0,22.29,28.95,188.17,88.54,0.6,277.31,310.59,291.18,222.06,210.96
2021-01-31,Ghezala,Bizerte,North,5.5,1.06,19.21,188.17,88.54,0.6,277.31,310.59,291.18,222.06,210.96
2021-01-31,Rmel,Nabeul,North,3.0,0.13,4.37,188.17,88.54,0.6,277.31,310.59,291.18,222.06,210.96
2021-01-31,Ziatine,Bizerte,North,85.0,14.03,16.51,188.17,88.54,0.6,277.31,310.59,291.18,222.06,210.96
2021-01-31,Tessa,Béja,North,25.0,1.11,4.44,188.17,88.54,0.6,277.31,310.59,291.18,222.06,210.96
2021-01-31,Lillah,Béja,North,10.0,0.44,4.41,188.17,88.54,0.6,277.31,310.59,291.18,222.06,210.96
2021-01-31,Sidi Saad,Kairouan,Centre,154.0,19.87,12.9,188.17,88.54,0.6,277.31,310.59,291.18,222.06,210.96
2021-01-31,Nebhana,Kairouan,Centre,63.0,1.89,3.0,188.17,88.54,0.6,277.31,310.59,291.18,222.06,210.96
2021-01-31,Hajeb El Ayoun,Kairouan,Centre,32.0,0.96,3.0,188.17,88.54,0.6,277.31,310.59,291.18,222.06,210.96
2021-01-31,El Haareb,Kairouan,Centre,24.0,0.78,3.25,188.17,88.54,0.6,277.31,310.59,291.18,222.06,210.96
2021-01-31,Nailia,Sidi Bouzid,Centre,7.0,0.21,3.0,188.17,88.54,0.6,277.31,310.59,291.18,222.06,210.96
2021-01-31,Bir M'cherga,Zaghouan,Centre,40.0,5.51,13.77,188.17,88.54,0.6,277.31,310.59,291.18,222.06,210.96
2021-01-31,Lebna,Nabeul,Centre,22.0,0.66,3.0,188.17,88.54,0.6,277.31,310.59,291.18,222.06,210.96
2021-01-31,Siliana,Siliana,Centre,60.0,1.8,3.0,188.17,88.54,0.6,277.31,310.59,291.18,222.06,210.96
2021-01-31,Mellègue,Kef,Centre,197.0,54.35,27.59,188.17,88.54,0.6,277.31,310.59,291.18,222.06,210.96
2021-01-31,Sarrat,Kef,Centre,21.0,1.53,7.29,188.17,88.54,0.6,277.31,310.59,291.18,222.06,210.96
2021-01-31,El Aroussa,Siliana,Centre,8.0,0.86,10.81,188.17,88.54,0.6,277.31,310.59,291.18,222.06,210.96
2021-01-31,Bargou,Siliana,Centre,4.0,0.12,3.0,188.17,88.54,0.6,277.31,310.59,291.18,222.06,210.96
2021-01-31,Chiba,Nabeul,Cap Bon,6.0,0.21,3.47,188.17,88.54,0.6,277.31,310.59,291.18,222.06,210.96
2021-01-31,Wadi El Hajar,Nabeul,Cap Bon,2.0,0.23,11.33,188.17,88.54,0.6,277.31,310.59,291.18,222.06,210.96
2021-01-31,Masri,Nabeul,Cap Bon,5.5,0.16,3.0,188.17,88.54,0.6,277.31,310.59,291.18,222.06,210.96
2021-02-28,Sidi Salem,Béja,North,240.0,37.22,15.51,130.16,95.92,1.45,227.53,254.83,238.91,255.0,242.25
2021-02-28,Sejnane,Bizerte,North,135.0,5.12,3.79,130.16,95.92,1.45,227.53,254.83,238.91,255.0,242.25
2021-02-28,Sidi el Barrak,Béja,North,286.0,21.45,7.5,130.16,95.92,1.45,227.53,254.83,238.91,255.0,242.25
2021-02-28,Joumine,Bizerte,North,127.0,4.8,3.78,130.16,95.92,1.45,227.53,254.83,238.91,255.0,242.25
2021-02-28,Bouhertma,Jendouba,North,117.0,38.88,33.23,130.16,95.92,1.45,227.53,254.83,238.91,255.0,242.25
2021-02-28,Beni Mtir,Jendouba,North,61.0,6.61,10.84,130.16,95.92,1.45,227.53,254.83,238.91,255.0,242.25
2021-02-28,Kasseb,Béja,North,77.0,2.31,3.0,130.16,95.92,1.45,227.53,254.83,238.91,255.0,242.25
2021-02-28,Ghezala,Bizerte,North,5.5,1.15,20.87,130.16,95.92,1.45,227.53,254.83,238.91,255.0,242.25
2021-02-28,Rmel,Nabeul,North,3.0,0.09,3.0,130.16,95.92,1.45,227.53,254.83,238.91,255.0,242.25
2021-02-28,Ziatine,Bizerte,North,85.0,11.48,13.51,130.16,95.92,1.45,227.53,254.83,238.91,255.0,242.25
2021-02-28,Tessa,Béja,North,25.0,0.75,3.0,130.16,95.92,1.45,227.53,254.83,238.91,255.0,242.25
2021-02-28,Lillah,Béja,North,10.0,0.3,3.0,130.16,95.92,1.45,227.53,254.83,238.91,255.0,242.25
2021-02-28,Sidi Saad,Kairouan,Centre,154.0,20.58,13.36,130.16,95.92,1.45,227.53,254.83,238.91,255.0,242.25
2021-02-28,Nebhana,Kairouan,Centre,63.0,12.51,19.86,130.16,95.92,1.45,227.53,254.83,238.91,255.0,242.25
2021-02-28,Hajeb El Ayoun,Kairouan,Centre,32.0,4.18,13.06,130.16,95.92,1.45,227.53,254.83,238.91,255.0,242.25
2021-02-28,El Haareb,Kairouan,Centre,24.0,2.31,9.61,130.16,95.92,1.45,227.53,254.83,238.91,255.0,242.25
2021-02-28,Nailia,Sidi Bouzid,Centre,7.0,0.52,7.39,130.16,95.92,1.45,227.53,254.83,238.91,255.0,242.25
2021-02-28,Bir M'cherga,Zaghouan,Centre,40.0,1.2,3.0,130.16,95.92,1.45,227.53,254.83,238.91,255.0,242.25
2021-02-28,Lebna,Nabeul,Centre,22.0,0.66,3.0,130.16,95.92,1.45,227.53,254.83,238.91,255.0,242.25
2021-02-28,Siliana,Siliana,Centre,60.0,3.28,5.47,130.16,95.92,1.45,227.53,254.83,238.91,255.0,242.25
2021-02-28,Mellègue,Kef,Centre,197.0,46.66,23.69,130.16,95.92,1.45,227.53,254.83,238.91,255.0,242.25
2021-02-28,Sarrat,Kef,Centre,21.0,3.18,15.12,130.16,95.92,1.45,227.53,254.83,238.91,255.0,242.25
2021-02-28,El Aroussa,Siliana,Centre,8.0,0.24,3.0,130.16,95.92,1.45,227.53,254.83,238.91,255.0,242.25
2021-02-28,Bargou,Siliana,Centre,4.0,0.6,14.89,130.16,95.92,1.45,227.53,254.83,238.91,255.0,242.25
2021-02-28,Chiba,Nabeul,Cap Bon,6.0,0.38,6.38,130.16,95.92,1.45,227.53,254.83,238.91,255.0,242.25
2021-02-28,Wadi El Hajar,Nabeul,Cap Bon,2.0,0.06,3.0,130.16,95.92,1.45,227.53,254.83,238.91,255.0,242.25
2021-02-28,Masri,Nabeul,Cap Bon,5.5,1.01,18.34,130.16,95.92,1.45,227.53,254.83,238.91,255.0,242.25
2021-03-31,Sidi Salem,Béja,North,240.0,77.69,32.37,244.28,119.57,2.29,366.14,410.08,384.45,300.0,285.0
2021-03-31,Sejnane,Bizerte,North,135.0,42.09,31.18,244.28,119.57,2.29,366.14,410.08,384.45,300.0,285.0
2021-03-31,Sidi el Barrak,Béja,North,286.0,28.4,9.93,244.28,119.57,2.29,366.14,410.08,384.45,300.0,285.0
2021-03-31,Joumine,Bizerte,North,127.0,20.69,16.29,244.28,119.57,2.29,366.14,410.08,384.45,300.0,285.0
2021-03-31,Bouhertma,Jendouba,North,117.0,28.05,23.98,244.28,119.57,2.29,366.14,410.08,384.45,300.0,285.0
2021-03-31,Beni Mtir,Jendouba,North,61.0,19.34,31.71,244.28,119.57,2.29,366.14,410.08,384.45,300.0,285.0
2021-03-31,Kasseb,Béja,North,77.0,10.97,14.25,244.28,119.57,2.29,366.14,410.08,384.45,300.0,285.0
2021-03-31,Ghezala,Bizerte,North,5.5,0.98,17.77,244.28,119.57,2.29,366.14,410.08,384.45,300.0,285.0
2021-03-31,Rmel,Nabeul,North,3.0,0.2,6.72,244.28,119.57,2.29,366.14,410.08,384.45,300.0,285.0
2021-03-31,Ziatine,Bizerte,North,85.0,4.8,5.65,244.28,119.57,2.29,366.14,410.08,384.45,300.0,285.0
2021-03-31,Tessa,Béja,North,25.0,7.44,29.75,244.28,119.57,2.29,366.14,410.08,384.45,300.0,285.0
2021-03-31,Lillah,Béja,North,10.0,3.63,36.27,244.28,119.57,2.29,366.14,410.08,384.45,300.0,285.0
2021-03-31,Sidi Saad,Kairouan,Centre,154.0,29.47,19.14,244.28,119.57,2.29,366.14,410.08,384.45,300.0,285.0
2021-03-31,Nebhana,Kairouan,Centre,63.0,20.19,32.04,244.28,119.57,2.29,366.14,410.08,384.45,300.0,285.0
2021-03-31,Hajeb El Ayoun,Kairouan,Centre,32.0,7.79,24.34,244.28,119.57,2.29,366.14,410.08,384.45,300.0,285.0
2021-03-31,El Haareb,Kairouan,Centre,24.0,2.94,12.26,244.28,119.57,2.29,366.14,410.08,384.45,300.0,285.0
2021-03-31,Nailia,Sidi Bouzid,Centre,7.0,1.7,24.34,244.28,119.57,2.29,366.14,410.08,384.45,300.0,285.0
2021-03-31,Bir M'cherga,Zaghouan,Centre,40.0,15.38,38.46,244.28,119.57,2.29,366.14,410.08,384.45,300.0,285.0
2021-03-31,Lebna,Nabeul,Centre,22.0,4.31,19.57,244.28,119.57,2.29,366.14,410.08,384.45,300.0,285.0
2021-03-31,Siliana,Siliana,Centre,60.0,23.27,38.78,244.28,119.57,2.29,366.14,410.08,384.45,300.0,285.0
2021-03-31,Mellègue,Kef,Centre,197.0,5.91,3.0,244.28,119.57,2.29,366.14,410.08,384.45,300.0,285.0
2021-03-31,Sarrat,Kef,Centre,21.0,6.27,29.86,244.28,119.57,2.29,366.14,410.08,384.45,300.0,285.0
2021-03-31,El Aroussa,Siliana,Centre,8.0,1.68,21.04,244.28,119.57,2.29,366.14,410.08,384.45,300.0,285.0
2021-03-31,Bargou,Siliana,Centre,4.0,0.66,16.41,244.28,119.57,2.29,366.14,410.08,384.45,300.0,285.0
2021-03-31,Chiba,Nabeul,Cap Bon,6.0,1.27,21.1,244.28,119.57,2.29,366.14,410.08,384.45,300.0,285.0
2021-03-31,Wadi El Hajar,Nabeul,Cap Bon,2.0,0.06,3.0,244.28,119.57,2.29,366.14,410.08,384.45,300.0,285.0
2021-03-31,Masri,Nabeul,Cap Bon,5.5,0.96,17.36,244.28,119.57,2.29,366.14,410.08,384.45,300.0,285.0
2021-04-30,Sidi Salem,Béja,North,240.0,79.88,33.29,349.44,147.27,4.77,501.48,561.66,526.55,345.0,327.75
2021-04-30,Sejnane,Bizerte,North,135.0,63.09,46.73,349.44,147.27,4.77,501.48,561.66,526.55,345.0,327.75
2021-04-30,Sidi el Barrak,Béja,North,286.0,65.15,22.78,349.44,147.27,4.77,501.48,561.66,526.55,345.0,327.75
2021-04-30,Joumine,Bizerte,North,127.0,24.51,19.3,349.44,147.27,4.77,501.48,561.66,526.55,345.0,327.75
2021-04-30,Bouhertma,Jendouba,North,117.0,26.89,22.98,349.44,147.27,4.77,501.48,561.66,526.55,345.0,327.75
2021-04-30,Beni Mtir,Jendouba,North,61.0,24.39,39.98,349.44,147.27,4.77,501.48,561.66,526.55,345.0,327.75
2021-04-30,Kasseb,Béja,North,77.0,25.37,32.95,349.44,147.27,4.77,501.48,561.66,526.55,345.0,327.75
2021-04-30,Ghezala,Bizerte,North,5.5,1.25,22.64,349.44,147.27,4.77,501.48,561.66,526.55,345.0,327.75
2021-04-30,Rmel,Nabeul,North,3.0,1.05,35.16,349.44,147.27,4.77,501.48,561.66,526.55,345.0,327.75
2021-04-30,Ziatine,Bizerte,North,85.0,25.64,30.16,349.44,147.27,4.77,501.48,561.66,526.55,345.0,327.75
2021-04-30,Tessa,Béja,North,25.0,10.16,40.62,349.44,147.27,4.77,501.48,561.66,526.55,345.0,327.75
2021-04-30,Lillah,Béja,North,10.0,2.06,20.58,349.44,147.27,4.77,501.48,561.66,526.55,345.0,327.75
2021-04-30,Sidi Saad,Kairouan,Centre,154.0,38.6,25.07,349.44,147.27,4.77,501.48,561.66,526.55,345.0,327.75
2021-04-30,Nebhana,Kairouan,Centre,63.0,15.31,24.29,349.44,147.27,4.77,501.48,561.66,526.55,345.0,327.75
2021-04-30,Hajeb El Ayoun,Kairouan,Centre,32.0,3.66,11.44,349.44,147.27,4.77,501.48,561.66,526.55,345.0,327.75
2021-04-30,El Haareb,Kairouan,Centre,24.0,7.81,32.55,349.44,147.27,4.77,501.48,561.66,526.55,345.0,327.75
2021-04-30,Nailia,Sidi Bouzid,Centre,7.0,2.25,32.13,349.44,147.27,4.77,501.48,561.66,526.55,345.0,327.75
2021-04-30,Bir M'cherga,Zaghouan,Centre,40.0,11.62,29.06,349.44,147.27,4.77,501.48,561.66,526.55,345.0,327.75
2021-04-30,Lebna,Nabeul,Centre,22.0,5.76,26.18,349.44,147.27,4.77,501.48,561.66,526.55,345.0,327.75
2021-04-30,Siliana,Siliana,Centre,60.0,7.21,12.02,349.44,147.27,4.77,501.48,561.66,526.55,345.0,327.75
2021-04-30,Mellègue,Kef,Centre,197.0,47.19,23.95,349.44,147.27,4.77,501.48,561.66,526.55,345.0,327.75
2021-04-30,Sarrat,Kef,Centre,21.0,5.23,24.89,349.44,147.27,4.77,501.48,561.66,526.55,345.0,327.75
2021-04-30,El Aroussa,Siliana,Centre,8.0,1.55,19.37,349.44,147.27,4.77,501.48,561.66,526.55,345.0,327.75
2021-04-30,Bargou,Siliana,Centre,4.0,1.08,27.06,349.44,147.27,4.77,501.48,561.66,526.55,345.0,327.75
2021-04-30,Chiba,Nabeul,Cap Bon,6.0,2.03,33.85,349.44,147.27,4.77,501.48,561.66,526.55,345.0,327.75
2021-04-30,Wadi El Hajar,Nabeul,Cap Bon,2.0,1.03,51.63,349.44,147.27,4.77,501.48,561.66,526.55,345.0,327.75
2021-04-30,Masri,Nabeul,Cap Bon,5.5,1.71,31.09,349.44,147.27,4.77,501.48,561.66,526.55,345.0,327.75
2021-05-31,Sidi Salem,Béja,North,240.0,92.83,38.68,366.58,237.96,3.55,608.09,681.06,638.49,377.94,359.04
2021-05-31,Sejnane,Bizerte,North,135.0,46.84,34.7,366.58,237.96,3.55,608.09,681.06,638.49,377.94,359.04
2021-05-31,Sidi el Barrak,Béja,North,286.0,35.93,12.56,366.58,237.96,3.55,608.09,681.06,638.49,377.94,359.04
2021-05-31,Joumine,Bizerte,North,127.0,44.79,35.27,366.58,237.96,3.55,608.09,681.06,638.49,377.94,359.04
2021-05-31,Bouhertma,Jendouba,North,117.0,42.48,36.31,366.58,237.96,3.55,608.09,681.06,638.49,377.94,359.04
2021-05-31,Beni Mtir,Jendouba,North,61.0,39.74,65.15,366.58,237.96,3.55,608.09,681.06,638.49,377.94,359.04
2021-05-31,Kasseb,Béja,North,77.0,25.63,33.28,366.58,237.96,3.55,608.09,681.06,638.49,377.94,359.04
2021-05-31,Ghezala,Bizerte,North,5.5,2.16,39.21,366.58,237.96,3.55,608.09,681.06,638.49,377.94,359.04
2021-05-31,Rmel,Nabeul,North,3.0,1.06,35.17,366.58,237.96,3.55,608.09,681.06,638.49,377.94,359.04
2021-05-31,Ziatine,Bizerte,North,85.0,18.33,21.56,366.58,237.96,3.55,608.09,681.06,638.49,377.94,359.04
2021-05-31,Tessa,Béja,North,25.0,12.33,49.3,366.58,237.96,3.55,608.09,681.06,638.49,377.94,359.04
2021-05-31,Lillah,Béja,North,10.0,4.46,44.61,366.58,237.96,3.55,608.09,681.06,638.49,377.94,359.04
2021-05-31,Sidi Saad,Kairouan,Centre,154.0,69.42,45.08,366.58,237.96,3.55,608.09,681.06,638.49,377.94,359.04
2021-05-31,Nebhana,Kairouan,Centre,63.0,15.55,24.68,366.58,237.96,3.55,608.09,681.06,638.49,377.94,359.04
2021-05-31,Hajeb El Ayoun,Kairouan,Centre,32.0,16.78,52.42,366.58,237.96,3.55,608.09,681.06,638.49,377.94,359.04
2021-05-31,El Haareb,Kairouan,Centre,24.0,4.5,18.77,366.58,237.96,3.55,608.09,681.06,638.49,377.94,359.04
2021-05-31,Nailia,Sidi Bouzid,Centre,7.0,2.98,42.63,366.58,237.96,3.55,608.09,681.06,638.49,377.94,359.04
2021-05-31,Bir M'cherga,Zaghouan,Centre,40.0,24.75,61.87,366.58,237.96,3.55,608.09,681.06,638.49,377.94,359.04
2021-05-31,Lebna,Nabeul,Centre,22.0,5.21,23.7,366.58,237.96,3.55,608.09,681.06,638.49,377.94,359.04
2021-05-31,Siliana,Siliana,Centre,60.0,17.28,28.79,366.58,237.96,3.55,608.09,681.06,638.49,377.94,359.04
2021-05-31,Mellègue,Kef,Centre,197.0,72.47,36.78,366.58,237.96,3.55,608.09,681.06,638.49,377.94,359.04
2021-05-31,Sarrat,Kef,Centre,21.0,6.2,29.55,366.58,237.96,3.55,608.09,681.06,638.49,377.94,359.04
2021-05-31,El Aroussa,Siliana,Centre,8.0,1.36,16.98,366.58,237.96,3.55,608.09,681.06,638.49,377.94,359.04
2021-05-31,Bargou,Siliana,Centre,4.0,1.46,36.41,366.58,237.96,3.55,608.09,681.06,638.49,377.94,359.04
2021-05-31,Chiba,Nabeul,Cap Bon,6.0,1.37,22.84,366.58,237.96,3.55,608.09,681.06,638.49,377.94,359.04
2021-05-31,Wadi El Hajar,Nabeul,Cap Bon,2.0,0.83,41.27,366.58,237.96,3.55,608.09,681.06,638.49,377.94,359.04
2021-05-31,Masri,Nabeul,Cap Bon,5.5,1.35,24.56,366.58,237.96,3.55,608.09,681.06,638.49,377.94,359.04
2021-06-30,Sidi Salem,Béja,North,240.0,135.84,56.6,477.47,209.01,5.89,692.37,775.45,726.99,390.0,370.5
2021-06-30,Sejnane,Bizerte,North,135.0,38.61,28.6,477.47,209.01,5.89,692.37,775.45,726.99,390.0,370.5
2021-06-30,Sidi el Barrak,Béja,North,286.0,97.63,34.14,477.47,209.01,5.89,692.37,775.45,726.99,390.0,370.5
2021-06-30,Joumine,Bizerte,North,127.0,60.66,47.76,477.47,209.01,5.89,692.37,775.45,726.99,390.0,370.5
2021-06-30,Bouhertma,Jendouba,North,117.0,27.18,23.23,477.47,209.01,5.89,692.37,775.45,726.99,390.0,370.5
2021-06-30,Beni Mtir,Jendouba,North,61.0,24.85,40.73,477.47,209.01,5.89,692.37,775.45,726.99,390.0,370.5
2021-06-30,Kasseb,Béja,North,77.0,41.34,53.69,477.47,209.01,5.89,692.37,775.45,726.99,390.0,370.5
2021-06-30,Ghezala,Bizerte,North,5.5,1.03,18.71,477.47,209.01,5.89,692.37,775.45,726.99,390.0,370.5
2021-06-30,Rmel,Nabeul,North,3.0,1.21,40.22,477.47,209.01,5.89,692.37,775.45,726.99,390.0,370.5
2021-06-30,Ziatine,Bizerte,North,85.0,34.95,41.12,477.47,209.01,5.89,692.37,775.45,726.99,390.0,370.5
2021-06-30,Tessa,Béja,North,25.0,11.85,47.38,477.47,209.01,5.89,692.37,775.45,726.99,390.0,370.5
2021-06-30,Lillah,Béja,North,10.0,2.32,23.16,477.47,209.01,5.89,692.37,775.45,726.99,390.0,370.5
2021-06-30,Sidi Saad,Kairouan,Centre,154.0,34.12,22.15,477.47,209.01,5.89,692.37,775.45,726.99,390.0,370.5
2021-06-30,Nebhana,Kairouan,Centre,63.0,27.89,44.26,477.47,209.01,5.89,692.37,775.45,726.99,390.0,370.5
2021-06-30,Hajeb El Ayoun,Kairouan,Centre,32.0,13.3,41.56,477.47,209.01,5.89,692.37,775.45,726.99,390.0,370.5
2021-06-30,El Haareb,Kairouan,Centre,24.0,9.84,41.01,477.47,209.01,5.89,692.37,775.45,726.99,390.0,370.5
2021-06-30,Nailia,Sidi Bouzid,Centre,7.0,2.95,42.16,477.47,209.01,5.89,692.37,775.45,726.99,390.0,370.5
2021-06-30,Bir M'cherga,Zaghouan,Centre,40.0,11.94,29.84,477.47,209.01,5.89,692.37,775.45,726.99,390.0,370.5
2021-06-30,Lebna,Nabeul,Centre,22.0,8.97,40.79,477.47,209.01,5.89,692.37,775.45,726.99,390.0,370.5
2021-06-30,Siliana,Siliana,Centre,60.0,24.91,41.52,477.47,209.01,5.89,692.37,775.45,726.99,390.0,370.5
2021-06-30,Mellègue,Kef,Centre,197.0,57.97,29.43,477.47,209.01,5.89,692.37,775.45,726.99,390.0,370.5
2021-06-30,Sarrat,Kef,Centre,21.0,12.68,60.39,477.47,209.01,5.89,692.37,775.45,726.99,390.0,370.5
2021-06-30,El Aroussa,Siliana,Centre,8.0,3.49,43.69,477.47,209.01,5.89,692.37,775.45,726.99,390.0,370.5
2021-06-30,Bargou,Siliana,Centre,4.0,0.95,23.7,477.47,209.01,5.89,692.37,775.45,726.99,390.0,370.5
2021-06-30,Chiba,Nabeul,Cap Bon,6.0,2.75,45.88,477.47,209.01,5.89,692.37,775.45,726.99,390.0,370.5
2021-06-30,Wadi El Hajar,Nabeul,Cap Bon,2.0,0.53,26.3,477.47,209.01,5.89,692.37,775.45,726.99,390.0,370.5
2021-06-30,Masri,Nabeul,Cap Bon,5.5,2.61,47.45,477.47,209.01,5.89,692.37,775.45,726.99,390.0,370.5
2021-07-31,Sidi Salem,Béja,North,240.0,118.78,49.49,490.56,224.86,4.57,719.99,806.39,755.99,377.94,359.04
2021-07-31,Sejnane,Bizerte,North,135.0,34.75,25.74,490.56,224.86,4.57,719.99,806.39,755.99,377.94,359.04
2021-07-31,Sidi el Barrak,Béja,North,286.0,134.85,47.15,490.56,224.86,4.57,719.99,806.39,755.99,377.94,359.04
2021-07-31,Joumine,Bizerte,North,127.0,51.49,40.54,490.56,224.86,4.57,719.99,806.39,755.99,377.94,359.04
2021-07-31,Bouhertma,Jendouba,North,117.0,53.18,45.45,490.56,224.86,4.57,719.99,806.39,755.99,377.94,359.04
2021-07-31,Beni Mtir,Jendouba,North,61.0,35.59,58.35,490.56,224.86,4.57,719.99,806.39,755.99,377.94,359.04
2021-07-31,Kasseb,Béja,North,77.0,25.14,32.64,490.56,224.86,4.57,719.99,806.39,755.99,377.94,359.04
2021-07-31,Ghezala,Bizerte,North,5.5,1.46,26.54,490.56,224.86,4.57,719.99,806.39,755.99,377.94,359.04
2021-07-31,Rmel,Nabeul,North,3.0,0.75,24.91,490.56,224.86,4.57,719.99,806.39,755.99,377.94,359.04
2021-07-31,Ziatine,Bizerte,North,85.0,21.93,25.8,490.56,224.86,4.57,719.99,806.39,755.99,377.94,359.04
2021-07-31,Tessa,Béja,North,25.0,8.67,34.66,490.56,224.86,4.57,719.99,806.39,755.99,377.94,359.04
2021-07-31,Lillah,Béja,North,10.0,3.97,39.68,490.56,224.86,4.57,719.99,806.39,755.99,377.94,359.04
2021-07-31,Sidi Saad,Kairouan,Centre,154.0,59.92,38.91,490.56,224.86,4.57,719.99,806.39,755.99,377.94,359.04
2021-07-31,Nebhana,Kairouan,Centre,63.0,28.67,45.51,490.56,224.86,4.57,719.99,806.39,755.99,377.94,359.04
2021-07-31,Hajeb El Ayoun,Kairouan,Centre,32.0,11.44,35.74,490.56,224.86,4.57,719.99,806.39,755.99,377.94,359.04
2021-07-31,El Haareb,Kairouan,Centre,24.0,12.73,53.03,490.56,224.86,4.57,719.99,806.39,755.99,377.94,359.04
2021-07-31,Nailia,Sidi Bouzid,Centre,7.0,2.27,32.41,490.56,224.86,4.57,719.99,806.39,755.99,377.94,359.04
2021-07-31,Bir M'cherga,Zaghouan,Centre,40.0,27.29,68.23,490.56,224.86,4.57,719.99,806.39,755.99,377.94,359.04
2021-07-31,Lebna,Nabeul,Centre,22.0,9.48,43.1,490.56,224.86,4.57,719.99,806.39,755.99,377.94,359.04
2021-07-31,Siliana,Siliana,Centre,60.0,15.18,25.3,490.56,224.86,4.57,719.99,806.39,755.99,377.94,359.04
2021-07-31,Mellègue,Kef,Centre,197.0,44.79,22.74,490.56,224.86,4.57,719.99,806.39,755.99,377.94,359.04
2021-07-31,Sarrat,Kef,Centre,21.0,8.69,41.38,490.56,224.86,4.57,719.99,806.39,755.99,377.94,359.04
2021-07-31,El Aroussa,Siliana,Centre,8.0,2.63,32.91,490.56,224.86,4.57,719.99,806.39,755.99,377.94,359.04
2021-07-31,Bargou,Siliana,Centre,4.0,1.77,44.16,490.56,224.86,4.57,719.99,806.39,755.99,377.94,359.04
2021-07-31,Chiba,Nabeul,Cap Bon,6.0,2.48,41.27,490.56,224.86,4.57,719.99,806.39,755.99,377.94,359.04
2021-07-31,Wadi El Hajar,Nabeul,Cap Bon,2.0,0.69,34.71,490.56,224.86,4.57,719.99,806.39,755.99,377.94,359.04
2021-07-31,Masri,Nabeul,Cap Bon,5.5,1.4,25.43,490.56,224.86,4.57,719.99,806.39,755.99,377.94,359.04
2021-08-31,Sidi Salem,Béja,North,240.0,25.97,10.82,305.93,302.73,4.81,613.47,687.09,644.14,345.0,327.75
2021-08-31,Sejnane,Bizerte,North,135.0,31.92,23.64,305.93,302.73,4.81,613.47,687.09,644.14,345.0,327.75
2021-08-31,Sidi el Barrak,Béja,North,286.0,112.33,39.28,305.93,302.73,4.81,613.47,687.09,644.14,345.0,327.75
2021-08-31,Joumine,Bizerte,North,127.0,40.09,31.57,305.93,302.73,4.81,613.47,687.09,644.14,345.0,327.75
2021-08-31,Bouhertma,Jendouba,North,117.0,16.44,14.05,305.93,302.73,4.81,613.47,687.09,644.14,345.0,327.75
2021-08-31,Beni Mtir,Jendouba,North,61.0,18.96,31.08,305.93,302.73,4.81,613.47,687.09,644.14,345.0,327.75
2021-08-31,Kasseb,Béja,North,77.0,25.89,33.62,305.93,302.73,4.81,613.47,687.09,644.14,345.0,327.75
2021-08-31,Ghezala,Bizerte,North,5.5,1.01,18.39,305.93,302.73,4.81,613.47,687.09,644.14,345.0,327.75
2021-08-31,Rmel,Nabeul,North,3.0,0.93,30.84,305.93,302.73,4.81,613.47,687.09,644.14,345.0,327.75
2021-08-31,Ziatine,Bizerte,North,85.0,25.24,29.7,305.93,302.73,4.81,613.47,687.09,644.14,345.0,327.75
2021-08-31,Tessa,Béja,North,25.0,3.82,15.28,305.93,302.73,4.81,613.47,687.09,644.14,345.0,327.75
2021-08-31,Lillah,Béja,North,10.0,3.33,33.29,305.93,302.73,4.81,613.47,687.09,644.14,345.0,327.75
2021-08-31,Sidi Saad,Kairouan,Centre,154.0,55.02,35.73,305.93,302.73,4.81,613.47,687.09,644.14,345.0,327.75
2021-08-31,Nebhana,Kairouan,Centre,63.0,26.46,42.0,305.93,302.73,4.81,613.47,687.09,644.14,345.0,327.75
2021-08-31,Hajeb El Ayoun,Kairouan,Centre,32.0,13.33,41.65,305.93,302.73,4.81,613.47,687.09,644.14,345.0,327.75
2021-08-31,El Haareb,Kairouan,Centre,24.0,2.99,12.47,305.93,302.73,4.81,613.47,687.09,644.14,345.0,327.75
2021-08-31,Nailia,Sidi Bouzid,Centre,7.0,1.24,17.75,305.93,302.73,4.81,613.47,687.09,644.14,345.0,327.75
2021-08-31,Bir M'cherga,Zaghouan,Centre,40.0,14.07,35.18,305.93,302.73,4.81,613.47,687.09,644.14,345.0,327.75
2021-08-31,Lebna,Nabeul,Centre,22.0,7.74,35.17,305.93,302.73,4.81,613.47,687.09,644.14,345.0,327.75
2021-08-31,Siliana,Siliana,Centre,60.0,21.11,35.18,305.93,302.73,4.81,613.47,687.09,644.14,345.0,327.75
2021-08-31,Mellègue,Kef,Centre,197.0,148.21,75.23,305.93,302.73,4.81,613.47,687.09,644.14,345.0,327.75
2021-08-31,Sarrat,Kef,Centre,21.0,7.53,35.85,305.93,302.73,4.81,613.47,687.09,644.14,345.0,327.75
2021-08-31,El Aroussa,Siliana,Centre,8.0,3.41,42.63,305.93,302.73,4.81,613.47,687.09,644.14,345.0,327.75
2021-08-31,Bargou,Siliana,Centre,4.0,1.62,40.45,305.93,302.73,4.81,613.47,687.09,644.14,345.0,327.75
2021-08-31,Chiba,Nabeul,Cap Bon,6.0,2.21,36.82,305.93,302.73,4.81,613.47,687.09,644.14,345.0,327.75
2021-08-31,Wadi El Hajar,Nabeul,Cap Bon,2.0,0.5,25.22,305.93,302.73,4.81,613.47,687.09,644.14,345.0,327.75
2021-08-31,Masri,Nabeul,Cap Bon,5.5,2.1,38.11,305.93,302.73,4.81,613.47,687.09,644.14,345.0,327.75
2021-09-30,Sidi Salem,Béja,North,240.0,25.74,10.73,230.16,90.02,2.43,322.61,361.32,338.74,300.0,285.0
2021-09-30,Sejnane,Bizerte,North,135.0,23.16,17.16,230.16,90.02,2.43,322.61,361.32,338.74,300.0,285.0
2021-09-30,Sidi el Barrak,Béja,North,286.0,40.54,14.18,230.16,90.02,2.43,322.61,361.32,338.74,300.0,285.0
2021-09-30,Joumine,Bizerte,North,127.0,26.65,20.98,230.16,90.02,2.43,322.61,361.32,338.74,300.0,285.0
2021-09-30,Bouhertma,Jendouba,North,117.0,55.9,47.78,230.16,90.02,2.43,322.61,361.32,338.74,300.0,285.0
2021-09-30,Beni Mtir,Jendouba,North,61.0,1.83,3.0,230.16,90.02,2.43,322.61,361.32,338.74,300.0,285.0
2021-09-30,Kasseb,Béja,North,77.0,21.74,28.24,230.16,90.02,2.43,322.61,361.32,338.74,300.0,285.0
2021-09-30,Ghezala,Bizerte,North,5.5,0.16,3.0,230.16,90.02,2.43,322.61,361.32,338.74,300.0,285.0
2021-09-30,Rmel,Nabeul,North,3.0,0.43,14.34,230.16,90.02,2.43,322.61,361.32,338.74,300.0,285.0
2021-09-30,Ziatine,Bizerte,North,85.0,28.11,33.07,230.16,90.02,2.43,322.61,361.32,338.74,300.0,285.0
2021-09-30,Tessa,Béja,North,25.0,5.19,20.77,230.16,90.02,2.43,322.61,361.32,338.74,300.0,285.0
2021-09-30,Lillah,Béja,North,10.0,0.71,7.07,230.16,90.02,2.43,322.61,361.32,338.74,300.0,285.0
2021-09-30,Sidi Saad,Kairouan,Centre,154.0,17.58,11.42,230.16,90.02,2.43,322.61,361.32,338.74,300.0,285.0
2021-09-30,Nebhana,Kairouan,Centre,63.0,17.74,28.16,230.16,90.02,2.43,322.61,361.32,338.74,300.0,285.0
2021-09-30,Hajeb El Ayoun,Kairouan,Centre,32.0,3.6,11.24,230.16,90.02,2.43,322.61,361.32,338.74,300.0,285.0
2021-09-30,El Haareb,Kairouan,Centre,24.0,5.42,22.6,230.16,90.02,2.43,322.61,361.32,338.74,300.0,285.0
2021-09-30,Nailia,Sidi Bouzid,Centre,7.0,1.44,20.55,230.16,90.02,2.43,322.61,361.32,338.74,300.0,285.0
2021-09-30,Bir M'cherga,Zaghouan,Centre,40.0,4.87,12.18,230.16,90.02,2.43,322.61,361.32,338.74,300.0,285.0
2021-09-30,Lebna,Nabeul,Centre,22.0,10.06,45.73,230.16,90.02,2.43,322.61,361.32,338.74,300.0,285.0
2021-09-30,Siliana,Siliana,Centre,60.0,16.56,27.61,230.16,90.02,2.43,322.61,361.32,338.74,300.0,285.0
2021-09-30,Mellègue,Kef,Centre,197.0,5.91,3.0,230.16,90.02,2.43,322.61,361.32,338.74,300.0,285.0
2021-09-30,Sarrat,Kef,Centre,21.0,4.67,22.24,230.16,90.02,2.43,322.61,361.32,338.74,300.0,285.0
2021-09-30,El Aroussa,Siliana,Centre,8.0,0.96,12.06,230.16,90.02,2.43,322.61,361.32,338.74,300.0,285.0
2021-09-30,Bargou,Siliana,Centre,4.0,1.21,30.23,230.16,90.02,2.43,322.61,361.32,338.74,300.0,285.0
2021-09-30,Chiba,Nabeul,Cap Bon,6.0,0.63,10.49,230.16,90.02,2.43,322.61,361.32,338.74,300.0,285.0
2021-09-30,Wadi El Hajar,Nabeul,Cap Bon,2.0,0.37,18.62,230.16,90.02,2.43,322.61,361.32,338.74,300.0,285.0
2021-09-30,Masri,Nabeul,Cap Bon,5.5,1.43,26.06,230.16,90.02,2.43,322.61,361.32,338.74,300.0,285.0
2021-10-31,Sidi Salem,Béja,North,240.0,51.33,21.39,155.6,45.1,0.98,201.68,225.88,211.76,255.0,242.25
2021-10-31,Sejnane,Bizerte,North,135.0,4.05,3.0,155.6,45.1,0.98,201.68,225.88,211.76,255.0,242.25
2021-10-31,Sidi el Barrak,Béja,North,286.0,19.98,6.99,155.6,45.1,0.98,201.68,225.88,211.76,255.0,242.25
2021-10-31,Joumine,Bizerte,North,127.0,6.73,5.3,155.6,45.1,0.98,201.68,225.88,211.76,255.0,242.25
2021-10-31,Bouhertma,Jendouba,North,117.0,3.7,3.16,155.6,45.1,0.98,201.68,225.88,211.76,255.0,242.25
2021-10-31,Beni Mtir,Jendouba,North,61.0,19.63,32.19,155.6,45.1,0.98,201.68,225.88,211.76,255.0,242.25
2021-10-31,Kasseb,Béja,North,77.0,12.21,15.86,155.6,45.1,0.98,201.68,225.88,211.76,255.0,242.25
2021-10-31,Ghezala,Bizerte,North,5.5,0.16,3.0,155.6,45.1,0.98,201.68,225.88,211.76,255.0,242.25
2021-10-31,Rmel,Nabeul,North,3.0,0.66,22.01,155.6,45.1,0.98,201.68,225.88,211.76,255.0,242.25
2021-10-31,Ziatine,Bizerte,North,85.0,31.0,36.47,155.6,45.1,0.98,201.68,225.88,211.76,255.0,242.25
2021-10-31,Tessa,Béja,North,25.0,5.85,23.39,155.6,45.1,0.98,201.68,225.88,211.76,255.0,242.25
2021-10-31,Lillah,Béja,North,10.0,0.3,3.0,155.6,45.1,0.98,201.68,225.88,211.76,255.0,242.25
2021-10-31,Sidi Saad,Kairouan,Centre,154.0,7.99,5.19,155.6,45.1,0.98,201.68,225.88,211.76,255.0,242.25
2021-10-31,Nebhana,Kairouan,Centre,63.0,16.51,26.2,155.6,45.1,0.98,201.68,225.88,211.76,255.0,242.25
2021-10-31,Hajeb El Ayoun,Kairouan,Centre,32.0,0.96,3.0,155.6,45.1,0.98,201.68,225.88,211.76,255.0,242.25
2021-10-31,El Haareb,Kairouan,Centre,24.0,3.92,16.33,155.6,45.1,0.98,201.68,225.88,211.76,255.0,242.25
2021-10-31,Nailia,Sidi Bouzid,Centre,7.0,1.42,20.3,155.6,45.1,0.98,201.68,225.88,211.76,255.0,242.25
2021-10-31,Bir M'cherga,Zaghouan,Centre,40.0,1.2,3.0,155.6,45.1,0.98,201.68,225.88,211.76,255.0,242.25
2021-10-31,Lebna,Nabeul,Centre,22.0,2.26,10.29,155.6,45.1,0.98,201.68,225.88,211.76,255.0,242.25
2021-10-31,Siliana,Siliana,Centre,60.0,1.8,3.0,155.6,45.1,0.98,201.68,225.88,211.76,255.0,242.25
2021-10-31,Mellègue,Kef,Centre,197.0,5.91,3.0,155.6,45.1,0.98,201.68,225.88,211.76,255.0,242.25
2021-10-31,Sarrat,Kef,Centre,21.0,1.67,7.97,155.6,45.1,0.98,201.68,225.88,211.76,255.0,242.25
2021-10-31,El Aroussa,Siliana,Centre,8.0,0.24,3.0,155.6,45.1,0.98,201.68,225.88,211.76,255.0,242.25
2021-10-31,Bargou,Siliana,Centre,4.0,1.22,30.59,155.6,45.1,0.98,201.68,225.88,211.76,255.0,242.25
2021-10-31,Chiba,Nabeul,Cap Bon,6.0,0.18,3.0,155.6,45.1,0.98,201.68,225.88,211.76,255.0,242.25
2021-10-31,Wadi El Hajar,Nabeul,Cap Bon,2.0,0.11,5.72,155.6,45.1,0.98,201.68,225.88,211.76,255.0,242.25
2021-10-31,Masri,Nabeul,Cap Bon,5.5,0.69,12.57,155.6,45.1,0.98,201.68,225.88,211.76,255.0,242.25
2021-11-30,Sidi Salem,Béja,North,240.0,65.51,27.3,183.16,87.53,2.06,272.75,305.48,286.39,222.06,210.96
2021-11-30,Sejnane,Bizerte,North,135.0,4.05,3.0,183.16,87.53,2.06,272.75,305.48,286.39,222.06,210.96
2021-11-30,Sidi el Barrak,Béja,North,286.0,68.52,23.96,183.16,87.53,2.06,272.75,305.48,286.39,222.06,210.96
2021-11-30,Joumine,Bizerte,North,127.0,12.86,10.12,183.16,87.53,2.06,272.75,305.48,286.39,222.06,210.96
2021-11-30,Bouhertma,Jendouba,North,117.0,3.51,3.0,183.16,87.53,2.06,272.75,305.48,286.39,222.06,210.96
2021-11-30,Beni Mtir,Jendouba,North,61.0,9.48,15.55,183.16,87.53,2.06,272.75,305.48,286.39,222.06,210.96
2021-11-30,Kasseb,Béja,North,77.0,9.54,12.39,183.16,87.53,2.06,272.75,305.48,286.39,222.06,210.96
2021-11-30,Ghezala,Bizerte,North,5.5,0.16,3.0,183.16,87.53,2.06,272.75,305.48,286.39,222.06,210.96
2021-11-30,Rmel,Nabeul,North,3.0,0.33,10.84,183.16,87.53,2.06,272.75,305.48,286.39,222.06,210.96
2021-11-30,Ziatine,Bizerte,North,85.0,4.57,5.38,183.16,87.53,2.06,272.75,305.48,286.39,222.06,210.96
2021-11-30,Tessa,Béja,North,25.0,2.84,11.36,183.16,87.53,2.06,272.75,305.48,286.39,222.06,210.96
2021-11-30,Lillah,Béja,North,10.0,1.79,17.95,183.16,87.53,2.06,272.75,305.48,286.39,222.06,210.96
2021-11-30,Sidi Saad,Kairouan,Centre,154.0,44.71,29.03,183.16,87.53,2.06,272.75,305.48,286.39,222.06,210.96
2021-11-30,Nebhana,Kairouan,Centre,63.0,1.89,3.0,183.16,87.53,2.06,272.75,305.48,286.39,222.06,210.96
2021-11-30,Hajeb El Ayoun,Kairouan,Centre,32.0,11.39,35.6,183.16,87.53,2.06,272.75,305.48,286.39,222.06,210.96
2021-11-30,El Haareb,Kairouan,Centre,24.0,0.72,3.0,183.16,87.53,2.06,272.75,305.48,286.39,222.06,210.96
2021-11-30,Nailia,Sidi Bouzid,Centre,7.0,0.57,8.18,183.16,87.53,2.06,272.75,305.48,286.39,222.06,210.96
2021-11-30,Bir M'cherga,Zaghouan,Centre,40.0,6.82,17.06,183.16,87.53,2.06,272.75,305.48,286.39,222.06,210.96
2021-11-30,Lebna,Nabeul,Centre,22.0,2.94,13.37,183.16,87.53,2.06,272.75,305.48,286.39,222.06,210.96
2021-11-30,Siliana,Siliana,Centre,60.0,1.8,3.0,183.16,87.53,2.06,272.75,305.48,286.39,222.06,210.96
2021-11-30,Mellègue,Kef,Centre,197.0,14.78,7.5,183.16,87.53,2.06,272.75,305.48,286.39,222.06,210.96
2021-11-30,Sarrat,Kef,Centre,21.0,0.86,4.08,183.16,87.53,2.06,272.75,305.48,286.39,222.06,210.96
2021-11-30,El Aroussa,Siliana,Centre,8.0,0.24,3.0,183.16,87.53,2.06,272.75,305.48,286.39,222.06,210.96
2021-11-30,Bargou,Siliana,Centre,4.0,0.81,20.2,183.16,87.53,2.06,272.75,305.48,286.39,222.06,210.96
2021-11-30,Chiba,Nabeul,Cap Bon,6.0,0.86,14.28,183.16,87.53,2.06,272.75,305.48,286.39,222.06,210.96
2021-11-30,Wadi El Hajar,Nabeul,Cap Bon,2.0,0.06,3.0,183.16,87.53,2.06,272.75,305.48,286.39,222.06,210.96
2021-11-30,Masri,Nabeul,Cap Bon,5.5,1.14,20.8,183.16,87.53,2.06,272.75,305.48,286.39,222.06,210.96
2021-12-31,Sidi Salem,Béja,North,240.0,32.85,13.69,167.11,69.75,3.02,239.88,268.67,251.87,210.0,199.5
2021-12-31,Sejnane,Bizerte,North,135.0,26.67,19.75,167.11,69.75,3.02,239.88,268.67,251.87,210.0,199.5
2021-12-31,Sidi el Barrak,Béja,North,286.0,50.21,17.56,167.11,69.75,3.02,239.88,268.67,251.87,210.0,199.5
2021-12-31,Joumine,Bizerte,North,127.0,3.81,3.0,167.11,69.75,3.02,239.88,268.67,251.87,210.0,199.5
2021-12-31,Bouhertma,Jendouba,North,117.0,3.84,3.28,167.11,69.75,3.02,239.88,268.67,251.87,210.0,199.5
2021-12-31,Beni Mtir,Jendouba,North,61.0,11.57,18.97,167.11,69.75,3.02,239.88,268.67,251.87,210.0,199.5
2021-12-31,Kasseb,Béja,North,77.0,13.34,17.32,167.11,69.75,3.02,239.88,268.67,251.87,210.0,199.5
2021-12-31,Ghezala,Bizerte,North,5.5,0.54,9.75,167.11,69.75,3.02,239.88,268.67,251.87,210.0,199.5
2021-12-31,Rmel,Nabeul,North,3.0,0.34,11.41,167.11,69.75,3.02,239.88,268.67,251.87,210.0,199.5
2021-12-31,Ziatine,Bizerte,North,85.0,21.53,25.33,167.11,69.75,3.02,239.88,268.67,251.87,210.0,199.5
2021-12-31,Tessa,Béja,North,25.0,0.75,3.0,167.11,69.75,3.02,239.88,268.67,251.87,210.0,199.5
2021-12-31,Lillah,Béja,North,10.0,1.66,16.57,167.11,69.75,3.02,239.88,268.67,251.87,210.0,199.5
2021-12-31,Sidi Saad,Kairouan,Centre,154.0,11.66,7.57,167.11,69.75,3.02,239.88,268.67,251.87,210.0,199.5
2021-12-31,Nebhana,Kairouan,Centre,63.0,4.65,7.39,167.11,69.75,3.02,239.88,268.67,251.87,210.0,199.5
2021-12-31,Hajeb El Ayoun,Kairouan,Centre,32.0,7.42,23.19,167.11,69.75,3.02,239.88,268.67,251.87,210.0,199.5
2021-12-31,El Haareb,Kairouan,Centre,24.0,4.78,19.9,167.11,69.75,3.02,239.88,268.67,251.87,210.0,199.5
2021-12-31,Nailia,Sidi Bouzid,Centre,7.0,1.38,19.76,167.11,69.75,3.02,239.88,268.67,251.87,210.0,199.5
2021-12-31,Bir M'cherga,Zaghouan,Centre,40.0,10.27,25.67,167.11,69.75,3.02,239.88,268.67,251.87,210.0,199.5
2021-12-31,Lebna,Nabeul,Centre,22.0,2.26,10.25,167.11,69.75,3.02,239.88,268.67,251.87,210.0,199.5
2021-12-31,Siliana,Siliana,Centre,60.0,10.91,18.18,167.11,69.75,3.02,239.88,268.67,251.87,210.0,199.5
2021-12-31,Mellègue,Kef,Centre,197.0,12.37,6.28,167.11,69.75,3.02,239.88,268.67,251.87,210.0,199.5
2021-12-31,Sarrat,Kef,Centre,21.0,2.92,13.89,167.11,69.75,3.02,239.88,268.67,251.87,210.0,199.5
2021-12-31,El Aroussa,Siliana,Centre,8.0,0.68,8.44,167.11,69.75,3.02,239.88,268.67,251.87,210.0,199.5
2021-12-31,Bargou,Siliana,Centre,4.0,0.45,11.16,167.11,69.75,3.02,239.88,268.67,251.87,210.0,199.5
2021-12-31,Chiba,Nabeul,Cap Bon,6.0,1.03,17.14,167.11,69.75,3.02,239.88,268.67,251.87,210.0,199.5
2021-12-31,Wadi El Hajar,Nabeul,Cap Bon,2.0,0.06,3.0,167.11,69.75,3.02,239.88,268.67,251.87,210.0,199.5
2021-12-31,Masri,Nabeul,Cap Bon,5.5,1.93,35.11,167.11,69.75,3.02,239.88,268.67,251.87,210.0,199.5
2022-01-31,Sidi Salem,Béja,North,240.0,7.2,3.0,152.4,36.24,1.09,189.73,212.5,199.22,207.06,196.71
2022-01-31,Sejnane,Bizerte,North,135.0,4.05,3.0,152.4,36.24,1.09,189.73,212.5,199.22,207.06,196.71
2022-01-31,Sidi el Barrak,Béja,North,286.0,68.35,23.9,152.4,36.24,1.09,189.73,212.5,199.22,207.06,196.71
2022-01-31,Joumine,Bizerte,North,127.0,24.76,19.5,152.4,36.24,1.09,189.73,212.5,199.22,207.06,196.71
2022-01-31,Bouhertma,Jendouba,North,117.0,20.46,17.49,152.4,36.24,1.09,189.73,212.5,199.22,207.06,196.71
2022-01-31,Beni Mtir,Jendouba,North,61.0,10.7,17.54,152.4,36.24,1.09,189.73,212.5,199.22,207.06,196.71
2022-01-31,Kasseb,Béja,North,77.0,7.59,9.85,152.4,36.24,1.09,189.73,212.5,199.22,207.06,196.71
2022-01-31,Ghezala,Bizerte,North,5.5,0.16,3.0,152.4,36.24,1.09,189.73,212.5,199.22,207.06,196.71
2022-01-31,Rmel,Nabeul,North,3.0,0.33,10.91,152.4,36.24,1.09,189.73,212.5,199.22,207.06,196.71
2022-01-31,Ziatine,Bizerte,North,85.0,2.55,3.0,152.4,36.24,1.09,189.73,212.5,199.22,207.06,196.71
2022-01-31,Tessa,Béja,North,25.0,5.43,21.7,152.4,36.24,1.09,189.73,212.5,199.22,207.06,196.71
2022-01-31,Lillah,Béja,North,10.0,0.82,8.24,152.4,36.24,1.09,189.73,212.5,199.22,207.06,196.71
2022-01-31,Sidi Saad,Kairouan,Centre,154.0,4.62,3.0,152.4,36.24,1.09,189.73,212.5,199.22,207.06,196.71
2022-01-31,Nebhana,Kairouan,Centre,63.0,3.87,6.14,152.4,36.24,1.09,189.73,212.5,199.22,207.06,196.71
2022-01-31,Hajeb El Ayoun,Kairouan,Centre,32.0,4.79,14.96,152.4,36.24,1.09,189.73,212.5,199.22,207.06,196.71
2022-01-31,El Haareb,Kairouan,Centre,24.0,0.78,3.24,152.4,36.24,1.09,189.73,212.5,199.22,207.06,196.71
2022-01-31,Nailia,Sidi Bouzid,Centre,7.0,0.21,3.0,152.4,36.24,1.09,189.73,212.5,199.22,207.06,196.71
2022-01-31,Bir M'cherga,Zaghouan,Centre,40.0,5.17,12.92,152.4,36.24,1.09,189.73,212.5,199.22,207.06,196.71
2022-01-31,Lebna,Nabeul,Centre,22.0,2.85,12.94,152.4,36.24,1.09,189.73,212.5,199.22,207.06,196.71
2022-01-31,Siliana,Siliana,Centre,60.0,2.35,3.92,152.4,36.24,1.09,189.73,212.5,199.22,207.06,196.71
2022-01-31,Mellègue,Kef,Centre,197.0,8.56,4.35,152.4,36.24,1.09,189.73,212.5,199.22,207.06,196.71
2022-01-31,Sarrat,Kef,Centre,21.0,2.68,12.78,152.4,36.24,1.09,189.73,212.5,199.22,207.06,196.71
2022-01-31,El Aroussa,Siliana,Centre,8.0,0.24,3.0,152.4,36.24,1.09,189.73,212.5,199.22,207.06,196.71
2022-01-31,Bargou,Siliana,Centre,4.0,0.12,3.0,152.4,36.24,1.09,189.73,212.5,199.22,207.06,196.71
2022-01-31,Chiba,Nabeul,Cap Bon,6.0,0.18,3.0,152.4,36.24,1.09,189.73,212.5,199.22,207.06,196.71
2022-01-31,Wadi El Hajar,Nabeul,Cap Bon,2.0,0.15,7.44,152.4,36.24,1.09,189.73,212.5,199.22,207.06,196.71
2022-01-31,Masri,Nabeul,Cap Bon,5.5,0.76,13.73,152.4,36.24,1.09,189.73,212.5,199.22,207.06,196.71
2022-02-28,Sidi Salem,Béja,North,240.0,73.69,30.7,198.07,109.91,1.54,309.52,346.66,325.0,240.0,228.0
2022-02-28,Sejnane,Bizerte,North,135.0,31.44,23.29,198.07,109.91,1.54,309.52,346.66,325.0,240.0,228.0
2022-02-28,Sidi el Barrak,Béja,North,286.0,31.69,11.08,198.07,109.91,1.54,309.52,346.66,325.0,240.0,228.0
2022-02-28,Joumine,Bizerte,North,127.0,16.22,12.77,198.07,109.91,1.54,309.52,346.66,325.0,240.0,228.0
2022-02-28,Bouhertma,Jendouba,North,117.0,3.51,3.0,198.07,109.91,1.54,309.52,346.66,325.0,240.0,228.0
2022-02-28,Beni Mtir,Jendouba,North,61.0,7.79,12.78,198.07,109.91,1.54,309.52,346.66,325.0,240.0,228.0
2022-02-28,Kasseb,Béja,North,77.0,7.34,9.54,198.07,109.91,1.54,309.52,346.66,325.0,240.0,228.0
2022-02-28,Ghezala,Bizerte,North,5.5,0.93,16.87,198.07,109.91,1.54,309.52,346.66,325.0,240.0,228.0
2022-02-28,Rmel,Nabeul,North,3.0,0.09,3.07,198.07,109.91,1.54,309.52,346.66,325.0,240.0,228.0
2022-02-28,Ziatine,Bizerte,North,85.0,16.35,19.23,198.07,109.91,1.54,309.52,346.66,325.0,240.0,228.0
2022-02-28,Tessa,Béja,North,25.0,7.85,31.39,198.07,109.91,1.54,309.52,346.66,325.0,240.0,228.0
2022-02-28,Lillah,Béja,North,10.0,1.17,11.69,198.07,109.91,1.54,309.52,346.66,325.0,240.0,228.0
2022-02-28,Sidi Saad,Kairouan,Centre,154.0,27.44,17.82,198.07,109.91,1.54,309.52,346.66,325.0,240.0,228.0
2022-02-28,Nebhana,Kairouan,Centre,63.0,13.41,21.28,198.07,109.91,1.54,309.52,346.66,325.0,240.0,228.0
2022-02-28,Hajeb El Ayoun,Kairouan,Centre,32.0,2.62,8.19,198.07,109.91,1.54,309.52,346.66,325.0,240.0,228.0
2022-02-28,El Haareb,Kairouan,Centre,24.0,3.77,15.69,198.07,109.91,1.54,309.52,346.66,325.0,240.0,228.0
2022-02-28,Nailia,Sidi Bouzid,Centre,7.0,0.92,13.15,198.07,109.91,1.54,309.52,346.66,325.0,240.0,228.0
2022-02-28,Bir M'cherga,Zaghouan,Centre,40.0,5.67,14.17,198.07,109.91,1.54,309.52,346.66,325.0,240.0,228.0
2022-02-28,Lebna,Nabeul,Centre,22.0,0.82,3.72,198.07,109.91,1.54,309.52,346.66,325.0,240.0,228.0
2022-02-28,Siliana,Siliana,Centre,60.0,7.98,13.29,198.07,109.91,1.54,309.52,346.66,325.0,240.0,228.0
2022-02-28,Mellègue,Kef,Centre,197.0,37.38,18.98,198.07,109.91,1.54,309.52,346.66,325.0,240.0,228.0
2022-02-28,Sarrat,Kef,Centre,21.0,6.39,30.41,198.07,109.91,1.54,309.52,346.66,325.0,240.0,228.0
2022-02-28,El Aroussa,Siliana,Centre,8.0,1.96,24.51,198.07,109.91,1.54,309.52,346.66,325.0,240.0,228.0
2022-02-28,Bargou,Siliana,Centre,4.0,1.55,38.84,198.07,109.91,1.54,309.52,346.66,325.0,240.0,228.0
2022-02-28,Chiba,Nabeul,Cap Bon,6.0,0.23,3.79,198.07,109.91,1.54,309.52,346.66,325.0,240.0,228.0
2022-02-28,Wadi El Hajar,Nabeul,Cap Bon,2.0,0.47,23.47,198.07,109.91,1.54,309.52,346.66,325.0,240.0,228.0
2022-02-28,Masri,Nabeul,Cap Bon,5.5,0.84,15.2,198.07,109.91,1.54,309.52,346.66,325.0,240.0,228.0
2022-03-31,Sidi Salem,Béja,North,240.0,115.87,48.28,258.19,129.27,2.68,390.14,436.96,409.65,285.0,270.75
2022-03-31,Sejnane,Bizerte,North,135.0,16.61,12.3,258.19,129.27,2.68,390.14,436.96,409.65,285.0,270.75
2022-03-31,Sidi el Barrak,Béja,North,286.0,34.1,11.92,258.19,129.27,2.68,390.14,436.96,409.65,285.0,270.75
2022-03-31,Joumine,Bizerte,North,127.0,18.81,14.81,258.19,129.27,2.68,390.14,436.96,409.65,285.0,270.75
2022-03-31,Bouhertma,Jendouba,North,117.0,3.51,3.0,258.19,129.27,2.68,390.14,436.96,409.65,285.0,270.75
2022-03-31,Beni Mtir,Jendouba,North,61.0,9.57,15.69,258.19,129.27,2.68,390.14,436.96,409.65,285.0,270.75
2022-03-31,Kasseb,Béja,North,77.0,9.93,12.89,258.19,129.27,2.68,390.14,436.96,409.65,285.0,270.75
2022-03-31,Ghezala,Bizerte,North,5.5,1.31,23.8,258.19,129.27,2.68,390.14,436.96,409.65,285.0,270.75
2022-03-31,Rmel,Nabeul,North,3.0,0.78,26.1,258.19,129.27,2.68,390.14,436.96,409.65,285.0,270.75
2022-03-31,Ziatine,Bizerte,North,85.0,37.84,44.51,258.19,129.27,2.68,390.14,436.96,409.65,285.0,270.75
2022-03-31,Tessa,Béja,North,25.0,8.35,33.41,258.19,129.27,2.68,390.14,436.96,409.65,285.0,270.75
2022-03-31,Lillah,Béja,North,10.0,1.51,15.08,258.19,129.27,2.68,390.14,436.96,409.65,285.0,270.75
2022-03-31,Sidi Saad,Kairouan,Centre,154.0,17.28,11.22,258.19,129.27,2.68,390.14,436.96,409.65,285.0,270.75
2022-03-31,Nebhana,Kairouan,Centre,63.0,17.58,27.9,258.19,129.27,2.68,390.14,436.96,409.65,285.0,270.75
2022-03-31,Hajeb El Ayoun,Kairouan,Centre,32.0,1.97,6.16,258.19,129.27,2.68,390.14,436.96,409.65,285.0,270.75
2022-03-31,El Haareb,Kairouan,Centre,24.0,10.55,43.98,258.19,129.27,2.68,390.14,436.96,409.65,285.0,270.75
2022-03-31,Nailia,Sidi Bouzid,Centre,7.0,2.53,36.15,258.19,129.27,2.68,390.14,436.96,409.65,285.0,270.75
2022-03-31,Bir M'cherga,Zaghouan,Centre,40.0,6.55,16.37,258.19,129.27,2.68,390.14,436.96,409.65,285.0,270.75
2022-03-31,Lebna,Nabeul,Centre,22.0,0.66,3.0,258.19,129.27,2.68,390.14,436.96,409.65,285.0,270.75
2022-03-31,Siliana,Siliana,Centre,60.0,22.95,38.25,258.19,129.27,2.68,390.14,436.96,409.65,285.0,270.75
2022-03-31,Mellègue,Kef,Centre,197.0,40.63,20.63,258.19,129.27,2.68,390.14,436.96,409.65,285.0,270.75
2022-03-31,Sarrat,Kef,Centre,21.0,7.74,36.85,258.19,129.27,2.68,390.14,436.96,409.65,285.0,270.75
2022-03-31,El Aroussa,Siliana,Centre,8.0,0.24,3.0,258.19,129.27,2.68,390.14,436.96,409.65,285.0,270.75
2022-03-31,Bargou,Siliana,Centre,4.0,0.59,14.81,258.19,129.27,2.68,390.14,436.96,409.65,285.0,270.75
2022-03-31,Chiba,Nabeul,Cap Bon,6.0,1.32,22.06,258.19,129.27,2.68,390.14,436.96,409.65,285.0,270.75
2022-03-31,Wadi El Hajar,Nabeul,Cap Bon,2.0,0.45,22.56,258.19,129.27,2.68,390.14,436.96,409.65,285.0,270.75
2022-03-31,Masri,Nabeul,Cap Bon,5.5,0.91,16.6,258.19,129.27,2.68,390.14,436.96,409.65,285.0,270.75
2022-04-30,Sidi Salem,Béja,North,240.0,92.34,38.47,365.23,251.74,1.29,618.26,692.45,649.17,330.0,313.5
2022-04-30,Sejnane,Bizerte,North,135.0,24.55,18.19,365.23,251.74,1.29,618.26,692.45,649.17,330.0,313.5
2022-04-30,Sidi el Barrak,Béja,North,286.0,83.77,29.29,365.23,251.74,1.29,618.26,692.45,649.17,330.0,313.5
2022-04-30,Joumine,Bizerte,North,127.0,41.2,32.44,365.23,251.74,1.29,618.26,692.45,649.17,330.0,313.5
2022-04-30,Bouhertma,Jendouba,North,117.0,43.49,37.17,365.23,251.74,1.29,618.26,692.45,649.17,330.0,313.5
2022-04-30,Beni Mtir,Jendouba,North,61.0,24.12,39.54,365.23,251.74,1.29,618.26,692.45,649.17,330.0,313.5
2022-04-30,Kasseb,Béja,North,77.0,13.48,17.5,365.23,251.74,1.29,618.26,692.45,649.17,330.0,313.5
2022-04-30,Ghezala,Bizerte,North,5.5,0.69,12.59,365.23,251.74,1.29,618.26,692.45,649.17,330.0,313.5
2022-04-30,Rmel,Nabeul,North,3.0,1.39,46.33,365.23,251.74,1.29,618.26,692.45,649.17,330.0,313.5
2022-04-30,Ziatine,Bizerte,North,85.0,29.74,34.99,365.23,251.74,1.29,618.26,692.45,649.17,330.0,313.5
2022-04-30,Tessa,Béja,North,25.0,5.5,22.02,365.23,251.74,1.29,618.26,692.45,649.17,330.0,313.5
2022-04-30,Lillah,Béja,North,10.0,4.96,49.61,365.23,251.74,1.29,618.26,692.45,649.17,330.0,313.5
2022-04-30,Sidi Saad,Kairouan,Centre,154.0,49.88,32.39,365.23,251.74,1.29,618.26,692.45,649.17,330.0,313.5
2022-04-30,Nebhana,Kairouan,Centre,63.0,28.45,45.15,365.23,251.74,1.29,618.26,692.45,649.17,330.0,313.5
2022-04-30,Hajeb El Ayoun,Kairouan,Centre,32.0,10.18,31.81,365.23,251.74,1.29,618.26,692.45,649.17,330.0,313.5
2022-04-30,El Haareb,Kairouan,Centre,24.0,13.37,55.73,365.23,251.74,1.29,618.26,692.45,649.17,330.0,313.5
2022-04-30,Nailia,Sidi Bouzid,Centre,7.0,3.64,52.06,365.23,251.74,1.29,618.26,692.45,649.17,330.0,313.5
2022-04-30,Bir M'cherga,Zaghouan,Centre,40.0,11.2,28.01,365.23,251.74,1.29,618.26,692.45,649.17,330.0,313.5
2022-04-30,Lebna,Nabeul,Centre,22.0,9.38,42.66,365.23,251.74,1.29,618.26,692.45,649.17,330.0,313.5
2022-04-30,Siliana,Siliana,Centre,60.0,23.25,38.74,365.23,251.74,1.29,618.26,692.45,649.17,330.0,313.5
2022-04-30,Mellègue,Kef,Centre,197.0,93.42,47.42,365.23,251.74,1.29,618.26,692.45,649.17,330.0,313.5
2022-04-30,Sarrat,Kef,Centre,21.0,4.08,19.42,365.23,251.74,1.29,618.26,692.45,649.17,330.0,313.5
2022-04-30,El Aroussa,Siliana,Centre,8.0,3.14,39.23,365.23,251.74,1.29,618.26,692.45,649.17,330.0,313.5
2022-04-30,Bargou,Siliana,Centre,4.0,1.75,43.7,365.23,251.74,1.29,618.26,692.45,649.17,330.0,313.5
2022-04-30,Chiba,Nabeul,Cap Bon,6.0,0.59,9.9,365.23,251.74,1.29,618.26,692.45,649.17,330.0,313.5
2022-04-30,Wadi El Hajar,Nabeul,Cap Bon,2.0,0.34,16.8,365.23,251.74,1.29,618.26,692.45,649.17,330.0,313.5
2022-04-30,Masri,Nabeul,Cap Bon,5.5,0.36,6.53,365.23,251.74,1.29,618.26,692.45,649.17,330.0,313.5
2022-05-31,Sidi Salem,Béja,North,240.0,82.45,34.36,487.38,195.48,4.38,687.24,769.71,721.6,362.94,344.79
2022-05-31,Sejnane,Bizerte,North,135.0,62.37,46.2,487.38,195.48,4.38,687.24,769.71,721.6,362.94,344.79
2022-05-31,Sidi el Barrak,Béja,North,286.0,159.06,55.62,487.38,195.48,4.38,687.24,769.71,721.6,362.94,344.79
2022-05-31,Joumine,Bizerte,North,127.0,48.87,38.48,487.38,195.48,4.38,687.24,769.71,721.6,362.94,344.79
2022-05-31,Bouhertma,Jendouba,North,117.0,66.84,57.13,487.38,195.48,4.38,687.24,769.71,721.6,362.94,344.79
2022-05-31,Beni Mtir,Jendouba,North,61.0,12.83,21.03,487.38,195.48,4.38,687.24,769.71,721.6,362.94,344.79
2022-05-31,Kasseb,Béja,North,77.0,13.2,17.15,487.38,195.48,4.38,687.24,769.71,721.6,362.94,344.79
2022-05-31,Ghezala,Bizerte,North,5.5,2.03,36.92,487.38,195.48,4.38,687.24,769.71,721.6,362.94,344.79
2022-05-31,Rmel,Nabeul,North,3.0,1.27,42.2,487.38,195.48,4.38,687.24,769.71,721.6,362.94,344.79
2022-05-31,Ziatine,Bizerte,North,85.0,31.62,37.2,487.38,195.48,4.38,687.24,769.71,721.6,362.94,344.79
2022-05-31,Tessa,Béja,North,25.0,3.19,12.78,487.38,195.48,4.38,687.24,769.71,721.6,362.94,344.79
2022-05-31,Lillah,Béja,North,10.0,3.65,36.52,487.38,195.48,4.38,687.24,769.71,721.6,362.94,344.79
2022-05-31,Sidi Saad,Kairouan,Centre,154.0,33.78,21.93,487.38,195.48,4.38,687.24,769.71,721.6,362.94,344.79
2022-05-31,Nebhana,Kairouan,Centre,63.0,28.74,45.62,487.38,195.48,4.38,687.24,769.71,721.6,362.94,344.79
2022-05-31,Hajeb El Ayoun,Kairouan,Centre,32.0,13.44,41.99,487.38,195.48,4.38,687.24,769.71,721.6,362.94,344.79
2022-05-31,El Haareb,Kairouan,Centre,24.0,6.31,26.31,487.38,195.48,4.38,687.24,769.71,721.6,362.94,344.79
2022-05-31,Nailia,Sidi Bouzid,Centre,7.0,2.2,31.42,487.38,195.48,4.38,687.24,769.71,721.6,362.94,344.79
2022-05-31,Bir M'cherga,Zaghouan,Centre,40.0,9.95,24.88,487.38,195.48,4.38,687.24,769.71,721.6,362.94,344.79
2022-05-31,Lebna,Nabeul,Centre,22.0,8.1,36.84,487.38,195.48,4.38,687.24,769.71,721.6,362.94,344.79
2022-05-31,Siliana,Siliana,Centre,60.0,29.43,49.05,487.38,195.48,4.38,687.24,769.71,721.6,362.94,344.79
2022-05-31,Mellègue,Kef,Centre,197.0,50.75,25.76,487.38,195.48,4.38,687.24,769.71,721.6,362.94,344.79
2022-05-31,Sarrat,Kef,Centre,21.0,9.16,43.64,487.38,195.48,4.38,687.24,769.71,721.6,362.94,344.79
2022-05-31,El Aroussa,Siliana,Centre,8.0,2.5,31.23,487.38,195.48,4.38,687.24,769.71,721.6,362.94,344.79
2022-05-31,Bargou,Siliana,Centre,4.0,1.12,28.07,487.38,195.48,4.38,687.24,769.71,721.6,362.94,344.79
2022-05-31,Chiba,Nabeul,Cap Bon,6.0,2.18,36.3,487.38,195.48,4.38,687.24,769.71,721.6,362.94,344.79
2022-05-31,Wadi El Hajar,Nabeul,Cap Bon,2.0,0.5,25.17,487.38,195.48,4.38,687.24,769.71,721.6,362.94,344.79
2022-05-31,Masri,Nabeul,Cap Bon,5.5,1.7,30.94,487.38,195.48,4.38,687.24,769.71,721.6,362.94,344.79
2022-06-30,Sidi Salem,Béja,North,240.0,61.5,25.63,449.83,258.81,4.43,713.07,798.64,748.72,375.0,356.25
2022-06-30,Sejnane,Bizerte,North,135.0,85.83,63.58,449.83,258.81,4.43,713.07,798.64,748.72,375.0,356.25
2022-06-30,Sidi el Barrak,Béja,North,286.0,115.61,40.42,449.83,258.81,4.43,713.07,798.64,748.72,375.0,356.25
2022-06-30,Joumine,Bizerte,North,127.0,40.14,31.6,449.83,258.81,4.43,713.07,798.64,748.72,375.0,356.25
2022-06-30,Bouhertma,Jendouba,North,117.0,49.8,42.57,449.83,258.81,4.43,713.07,798.64,748.72,375.0,356.25
2022-06-30,Beni Mtir,Jendouba,North,61.0,23.58,38.65,449.83,258.81,4.43,713.07,798.64,748.72,375.0,356.25
2022-06-30,Kasseb,Béja,North,77.0,28.76,37.35,449.83,258.81,4.43,713.07,798.64,748.72,375.0,356.25
2022-06-30,Ghezala,Bizerte,North,5.5,2.61,47.37,449.83,258.81,4.43,713.07,798.64,748.72,375.0,356.25
2022-06-30,Rmel,Nabeul,North,3.0,1.47,49.09,449.83,258.81,4.43,713.07,798.64,748.72,375.0,356.25
2022-06-30,Ziatine,Bizerte,North,85.0,28.59,33.63,449.83,258.81,4.43,713.07,798.64,748.72,375.0,356.25
2022-06-30,Tessa,Béja,North,25.0,8.27,33.09,449.83,258.81,4.43,713.07,798.64,748.72,375.0,356.25
2022-06-30,Lillah,Béja,North,10.0,3.67,36.7,449.83,258.81,4.43,713.07,798.64,748.72,375.0,356.25
2022-06-30,Sidi Saad,Kairouan,Centre,154.0,19.06,12.38,449.83,258.81,4.43,713.07,798.64,748.72,375.0,356.25
2022-06-30,Nebhana,Kairouan,Centre,63.0,13.75,21.82,449.83,258.81,4.43,713.07,798.64,748.72,375.0,356.25
2022-06-30,Hajeb El Ayoun,Kairouan,Centre,32.0,18.05,56.4,449.83,258.81,4.43,713.07,798.64,748.72,375.0,356.25
2022-06-30,El Haareb,Kairouan,Centre,24.0,14.34,59.74,449.83,258.81,4.43,713.07,798.64,748.72,375.0,356.25
2022-06-30,Nailia,Sidi Bouzid,Centre,7.0,2.59,37.01,449.83,258.81,4.43,713.07,798.64,748.72,375.0,356.25
2022-06-30,Bir M'cherga,Zaghouan,Centre,40.0,18.77,46.92,449.83,258.81,4.43,713.07,798.64,748.72,375.0,356.25
2022-06-30,Lebna,Nabeul,Centre,22.0,9.62,43.74,449.83,258.81,4.43,713.07,798.64,748.72,375.0,356.25
2022-06-30,Siliana,Siliana,Centre,60.0,46.17,76.95,449.83,258.81,4.43,713.07,798.64,748.72,375.0,356.25
2022-06-30,Mellègue,Kef,Centre,197.0,105.27,53.43,449.83,258.81,4.43,713.07,798.64,748.72,375.0,356.25
2022-06-30,Sarrat,Kef,Centre,21.0,8.08,38.46,449.83,258.81,4.43,713.07,798.64,748.72,375.0,356.25
2022-06-30,El Aroussa,Siliana,Centre,8.0,2.28,28.53,449.83,258.81,4.43,713.07,798.64,748.72,375.0,356.25
2022-06-30,Bargou,Siliana,Centre,4.0,0.83,20.72,449.83,258.81,4.43,713.07,798.64,748.72,375.0,356.25
2022-06-30,Chiba,Nabeul,Cap Bon,6.0,2.55,42.44,449.83,258.81,4.43,713.07,798.64,748.72,375.0,356.25
2022-06-30,Wadi El Hajar,Nabeul,Cap Bon,2.0,0.62,30.92,449.83,258.81,4.43,713.07,798.64,748.72,375.0,356.25
2022-06-30,Masri,Nabeul,Cap Bon,5.5,1.26,22.93,449.83,258.81,4.43,713.07,798.64,748.72,375.0,356.25
2022-07-31,Sidi Salem,Béja,North,240.0,71.59,29.83,489.13,199.75,5.1,693.98,777.26,728.68,362.94,344.79
2022-07-31,Sejnane,Bizerte,North,135.0,33.22,24.61,489.13,199.75,5.1,693.98,777.26,728.68,362.94,344.79
2022-07-31,Sidi el Barrak,Béja,North,286.0,165.41,57.83,489.13,199.75,5.1,693.98,777.26,728.68,362.94,344.79
2022-07-31,Joumine,Bizerte,North,127.0,61.17,48.17,489.13,199.75,5.1,693.98,777.26,728.68,362.94,344.79
2022-07-31,Bouhertma,Jendouba,North,117.0,43.87,37.49,489.13,199.75,5.1,693.98,777.26,728.68,362.94,344.79
2022-07-31,Beni Mtir,Jendouba,North,61.0,33.76,55.35,489.13,199.75,5.1,693.98,777.26,728.68,362.94,344.79
2022-07-31,Kasseb,Béja,North,77.0,29.66,38.52,489.13,199.75,5.1,693.98,777.26,728.68,362.94,344.79
2022-07-31,Ghezala,Bizerte,North,5.5,1.5,27.25,489.13,199.75,5.1,693.98,777.26,728.68,362.94,344.79
2022-07-31,Rmel,Nabeul,North,3.0,1.68,55.87,489.13,199.75,5.1,693.98,777.26,728.68,362.94,344.79
2022-07-31,Ziatine,Bizerte,North,85.0,37.45,44.06,489.13,199.75,5.1,693.98,777.26,728.68,362.94,344.79
2022-07-31,Tessa,Béja,North,25.0,6.29,25.14,489.13,199.75,5.1,693.98,777.26,728.68,362.94,344.79
2022-07-31,Lillah,Béja,North,10.0,3.53,35.3,489.13,199.75,5.1,693.98,777.26,728.68,362.94,344.79
2022-07-31,Sidi Saad,Kairouan,Centre,154.0,41.7,27.08,489.13,199.75,5.1,693.98,777.26,728.68,362.94,344.79
2022-07-31,Nebhana,Kairouan,Centre,63.0,13.23,20.99,489.13,199.75,5.1,693.98,777.26,728.68,362.94,344.79
2022-07-31,Hajeb El Ayoun,Kairouan,Centre,32.0,15.58,48.7,489.13,199.75,5.1,693.98,777.26,728.68,362.94,344.79
2022-07-31,El Haareb,Kairouan,Centre,24.0,14.52,60.5,489.13,199.75,5.1,693.98,777.26,728.68,362.94,344.79
2022-07-31,Nailia,Sidi Bouzid,Centre,7.0,1.46,20.81,489.13,199.75,5.1,693.98,777.26,728.68,362.94,344.79
2022-07-31,Bir M'cherga,Zaghouan,Centre,40.0,17.74,44.34,489.13,199.75,5.1,693.98,777.26,728.68,362.94,344.79
2022-07-31,Lebna,Nabeul,Centre,22.0,6.55,29.78,489.13,199.75,5.1,693.98,777.26,728.68,362.94,344.79
2022-07-31,Siliana,Siliana,Centre,60.0,19.05,31.74,489.13,199.75,5.1,693.98,777.26,728.68,362.94,344.79
2022-07-31,Mellègue,Kef,Centre,197.0,60.05,30.48,489.13,199.75,5.1,693.98,777.26,728.68,362.94,344.79
2022-07-31,Sarrat,Kef,Centre,21.0,5.72,27.22,489.13,199.75,5.1,693.98,777.26,728.68,362.94,344.79
2022-07-31,El Aroussa,Siliana,Centre,8.0,3.05,38.17,489.13,199.75,5.1,693.98,777.26,728.68,362.94,344.79
2022-07-31,Bargou,Siliana,Centre,4.0,1.1,27.62,489.13,199.75,5.1,693.98,777.26,728.68,362.94,344.79
2022-07-31,Chiba,Nabeul,Cap Bon,6.0,2.45,40.83,489.13,199.75,5.1,693.98,777.26,728.68,362.94,344.79
2022-07-31,Wadi El Hajar,Nabeul,Cap Bon,2.0,0.74,36.99,489.13,199.75,5.1,693.98,777.26,728.68,362.94,344.79
2022-07-31,Masri,Nabeul,Cap Bon,5.5,1.91,34.72,489.13,199.75,5.1,693.98,777.26,728.68,362.94,344.79
2022-08-31,Sidi Salem,Béja,North,240.0,48.26,20.11,348.32,118.01,3.76,470.09,526.5,493.59,330.0,313.5
2022-08-31,Sejnane,Bizerte,North,135.0,32.51,24.08,348.32,118.01,3.76,470.09,526.5,493.59,330.0,313.5
2022-08-31,Sidi el Barrak,Béja,North,286.0,114.59,40.06,348.32,118.01,3.76,470.09,526.5,493.59,330.0,313.5
2022-08-31,Joumine,Bizerte,North,127.0,47.0,37.01,348.32,118.01,3.76,470.09,526.5,493.59,330.0,313.5
2022-08-31,Bouhertma,Jendouba,North,117.0,22.55,19.27,348.32,118.01,3.76,470.09,526.5,493.59,330.0,313.5
2022-08-31,Beni Mtir,Jendouba,North,61.0,19.64,32.19,348.32,118.01,3.76,470.09,526.5,493.59,330.0,313.5
2022-08-31,Kasseb,Béja,North,77.0,30.81,40.02,348.32,118.01,3.76,470.09,526.5,493.59,330.0,313.5
2022-08-31,Ghezala,Bizerte,North,5.5,0.6,10.97,348.32,118.01,3.76,470.09,526.5,493.59,330.0,313.5
2022-08-31,Rmel,Nabeul,North,3.0,1.13,37.52,348.32,118.01,3.76,470.09,526.5,493.59,330.0,313.5
2022-08-31,Ziatine,Bizerte,North,85.0,19.59,23.05,348.32,118.01,3.76,470.09,526.5,493.59,330.0,313.5
2022-08-31,Tessa,Béja,North,25.0,9.46,37.85,348.32,118.01,3.76,470.09,526.5,493.59,330.0,313.5
2022-08-31,Lillah,Béja,North,10.0,2.18,21.84,348.32,118.01,3.76,470.09,526.5,493.59,330.0,313.5
2022-08-31,Sidi Saad,Kairouan,Centre,154.0,14.39,9.34,348.32,118.01,3.76,470.09,526.5,493.59,330.0,313.5
2022-08-31,Nebhana,Kairouan,Centre,63.0,7.23,11.47,348.32,118.01,3.76,470.09,526.5,493.59,330.0,313.5
2022-08-31,Hajeb El Ayoun,Kairouan,Centre,32.0,10.1,31.58,348.32,118.01,3.76,470.09,526.5,493.59,330.0,313.5
2022-08-31,El Haareb,Kairouan,Centre,24.0,8.19,34.12,348.32,118.01,3.76,470.09,526.5,493.59,330.0,313.5
2022-08-31,Nailia,Sidi Bouzid,Centre,7.0,1.41,20.15,348.32,118.01,3.76,470.09,526.5,493.59,330.0,313.5
2022-08-31,Bir M'cherga,Zaghouan,Centre,40.0,15.47,38.66,348.32,118.01,3.76,470.09,526.5,493.59,330.0,313.5
2022-08-31,Lebna,Nabeul,Centre,22.0,2.43,11.06,348.32,118.01,3.76,470.09,526.5,493.59,330.0,313.5
2022-08-31,Siliana,Siliana,Centre,60.0,18.12,30.21,348.32,118.01,3.76,470.09,526.5,493.59,330.0,313.5
2022-08-31,Mellègue,Kef,Centre,197.0,32.44,16.47,348.32,118.01,3.76,470.09,526.5,493.59,330.0,313.5
2022-08-31,Sarrat,Kef,Centre,21.0,4.87,23.18,348.32,118.01,3.76,470.09,526.5,493.59,330.0,313.5
2022-08-31,El Aroussa,Siliana,Centre,8.0,2.53,31.57,348.32,118.01,3.76,470.09,526.5,493.59,330.0,313.5
2022-08-31,Bargou,Siliana,Centre,4.0,0.83,20.68,348.32,118.01,3.76,470.09,526.5,493.59,330.0,313.5
2022-08-31,Chiba,Nabeul,Cap Bon,6.0,1.58,26.39,348.32,118.01,3.76,470.09,526.5,493.59,330.0,313.5
2022-08-31,Wadi El Hajar,Nabeul,Cap Bon,2.0,0.86,43.08,348.32,118.01,3.76,470.09,526.5,493.59,330.0,313.5
2022-08-31,Masri,Nabeul,Cap Bon,5.5,1.32,24.08,348.32,118.01,3.76,470.09,526.5,493.59,330.0,313.5
2022-09-30,Sidi Salem,Béja,North,240.0,76.87,32.03,274.83,170.93,2.68,448.44,502.25,470.86,285.0,270.75
2022-09-30,Sejnane,Bizerte,North,135.0,11.4,8.44,274.83,170.93,2.68,448.44,502.25,470.86,285.0,270.75
2022-09-30,Sidi el Barrak,Béja,North,286.0,81.1,28.36,274.83,170.93,2.68,448.44,502.25,470.86,285.0,270.75
2022-09-30,Joumine,Bizerte,North,127.0,49.91,39.3,274.83,170.93,2.68,448.44,502.25,470.86,285.0,270.75
2022-09-30,Bouhertma,Jendouba,North,117.0,3.51,3.0,274.83,170.93,2.68,448.44,502.25,470.86,285.0,270.75
2022-09-30,Beni Mtir,Jendouba,North,61.0,7.59,12.44,274.83,170.93,2.68,448.44,502.25,470.86,285.0,270.75
2022-09-30,Kasseb,Béja,North,77.0,22.27,28.92,274.83,170.93,2.68,448.44,502.25,470.86,285.0,270.75
2022-09-30,Ghezala,Bizerte,North,5.5,1.08,19.56,274.83,170.93,2.68,448.44,502.25,470.86,285.0,270.75
2022-09-30,Rmel,Nabeul,North,3.0,0.79,26.45,274.83,170.93,2.68,448.44,502.25,470.86,285.0,270.75
2022-09-30,Ziatine,Bizerte,North,85.0,12.54,14.75,274.83,170.93,2.68,448.44,502.25,470.86,285.0,270.75
2022-09-30,Tessa,Béja,North,25.0,5.76,23.04,274.83,170.93,2.68,448.44,502.25,470.86,285.0,270.75
2022-09-30,Lillah,Béja,North,10.0,2.01,20.13,274.83,170.93,2.68,448.44,502.25,470.86,285.0,270.75
2022-09-30,Sidi Saad,Kairouan,Centre,154.0,55.46,36.01,274.83,170.93,2.68,448.44,502.25,470.86,285.0,270.75
2022-09-30,Nebhana,Kairouan,Centre,63.0,15.78,25.05,274.83,170.93,2.68,448.44,502.25,470.86,285.0,270.75
2022-09-30,Hajeb El Ayoun,Kairouan,Centre,32.0,8.34,26.05,274.83,170.93,2.68,448.44,502.25,470.86,285.0,270.75
2022-09-30,El Haareb,Kairouan,Centre,24.0,4.09,17.06,274.83,170.93,2.68,448.44,502.25,470.86,285.0,270.75
2022-09-30,Nailia,Sidi Bouzid,Centre,7.0,1.13,16.15,274.83,170.93,2.68,448.44,502.25,470.86,285.0,270.75
2022-09-30,Bir M'cherga,Zaghouan,Centre,40.0,6.72,16.81,274.83,170.93,2.68,448.44,502.25,470.86,285.0,270.75
2022-09-30,Lebna,Nabeul,Centre,22.0,5.88,26.73,274.83,170.93,2.68,448.44,502.25,470.86,285.0,270.75
2022-09-30,Siliana,Siliana,Centre,60.0,10.17,16.95,274.83,170.93,2.68,448.44,502.25,470.86,285.0,270.75
2022-09-30,Mellègue,Kef,Centre,197.0,50.19,25.48,274.83,170.93,2.68,448.44,502.25,470.86,285.0,270.75
2022-09-30,Sarrat,Kef,Centre,21.0,9.85,46.9,274.83,170.93,2.68,448.44,502.25,470.86,285.0,270.75
2022-09-30,El Aroussa,Siliana,Centre,8.0,2.6,32.45,274.83,170.93,2.68,448.44,502.25,470.86,285.0,270.75
2022-09-30,Bargou,Siliana,Centre,4.0,0.72,18.09,274.83,170.93,2.68,448.44,502.25,470.86,285.0,270.75
2022-09-30,Chiba,Nabeul,Cap Bon,6.0,2.18,36.41,274.83,170.93,2.68,448.44,502.25,470.86,285.0,270.75
2022-09-30,Wadi El Hajar,Nabeul,Cap Bon,2.0,0.34,17.1,274.83,170.93,2.68,448.44,502.25,470.86,285.0,270.75
2022-09-30,Masri,Nabeul,Cap Bon,5.5,0.16,3.0,274.83,170.93,2.68,448.44,502.25,470.86,285.0,270.75
2022-10-31,Sidi Salem,Béja,North,240.0,7.2,3.0,130.88,87.84,1.75,220.47,246.93,231.49,240.0,228.0
2022-10-31,Sejnane,Bizerte,North,135.0,4.05,3.0,130.88,87.84,1.75,220.47,246.93,231.49,240.0,228.0
2022-10-31,Sidi el Barrak,Béja,North,286.0,25.12,8.78,130.88,87.84,1.75,220.47,246.93,231.49,240.0,228.0
2022-10-31,Joumine,Bizerte,North,127.0,16.79,13.22,130.88,87.84,1.75,220.47,246.93,231.49,240.0,228.0
2022-10-31,Bouhertma,Jendouba,North,117.0,38.75,33.12,130.88,87.84,1.75,220.47,246.93,231.49,240.0,228.0
2022-10-31,Beni Mtir,Jendouba,North,61.0,10.32,16.92,130.88,87.84,1.75,220.47,246.93,231.49,240.0,228.0
2022-10-31,Kasseb,Béja,North,77.0,7.99,10.37,130.88,87.84,1.75,220.47,246.93,231.49,240.0,228.0
2022-10-31,Ghezala,Bizerte,North,5.5,1.26,22.95,130.88,87.84,1.75,220.47,246.93,231.49,240.0,228.0
2022-10-31,Rmel,Nabeul,North,3.0,0.09,3.0,130.88,87.84,1.75,220.47,246.93,231.49,240.0,228.0
2022-10-31,Ziatine,Bizerte,North,85.0,13.45,15.83,130.88,87.84,1.75,220.47,246.93,231.49,240.0,228.0
2022-10-31,Tessa,Béja,North,25.0,5.56,22.25,130.88,87.84,1.75,220.47,246.93,231.49,240.0,228.0
2022-10-31,Lillah,Béja,North,10.0,0.3,3.0,130.88,87.84,1.75,220.47,246.93,231.49,240.0,228.0
2022-10-31,Sidi Saad,Kairouan,Centre,154.0,41.16,26.73,130.88,87.84,1.75,220.47,246.93,231.49,240.0,228.0
2022-10-31,Nebhana,Kairouan,Centre,63.0,10.75,17.06,130.88,87.84,1.75,220.47,246.93,231.49,240.0,228.0
2022-10-31,Hajeb El Ayoun,Kairouan,Centre,32.0,2.57,8.02,130.88,87.84,1.75,220.47,246.93,231.49,240.0,228.0
2022-10-31,El Haareb,Kairouan,Centre,24.0,4.94,20.59,130.88,87.84,1.75,220.47,246.93,231.49,240.0,228.0
2022-10-31,Nailia,Sidi Bouzid,Centre,7.0,2.82,40.25,130.88,87.84,1.75,220.47,246.93,231.49,240.0,228.0
2022-10-31,Bir M'cherga,Zaghouan,Centre,40.0,6.07,15.18,130.88,87.84,1.75,220.47,246.93,231.49,240.0,228.0
2022-10-31,Lebna,Nabeul,Centre,22.0,3.52,15.98,130.88,87.84,1.75,220.47,246.93,231.49,240.0,228.0
2022-10-31,Siliana,Siliana,Centre,60.0,4.49,7.49,130.88,87.84,1.75,220.47,246.93,231.49,240.0,228.0
2022-10-31,Mellègue,Kef,Centre,197.0,5.91,3.0,130.88,87.84,1.75,220.47,246.93,231.49,240.0,228.0
2022-10-31,Sarrat,Kef,Centre,21.0,4.82,22.96,130.88,87.84,1.75,220.47,246.93,231.49,240.0,228.0
2022-10-31,El Aroussa,Siliana,Centre,8.0,0.24,3.0,130.88,87.84,1.75,220.47,246.93,231.49,240.0,228.0
2022-10-31,Bargou,Siliana,Centre,4.0,0.55,13.86,130.88,87.84,1.75,220.47,246.93,231.49,240.0,228.0
2022-10-31,Chiba,Nabeul,Cap Bon,6.0,0.44,7.27,130.88,87.84,1.75,220.47,246.93,231.49,240.0,228.0
2022-10-31,Wadi El Hajar,Nabeul,Cap Bon,2.0,0.37,18.75,130.88,87.84,1.75,220.47,246.93,231.49,240.0,228.0
2022-10-31,Masri,Nabeul,Cap Bon,5.5,0.94,17.0,130.88,87.84,1.75,220.47,246.93,231.49,240.0,228.0
2022-11-30,Sidi Salem,Béja,North,240.0,53.88,22.45,141.37,105.51,1.36,248.24,278.03,260.65,207.06,196.71
2022-11-30,Sejnane,Bizerte,North,135.0,5.24,3.88,141.37,105.51,1.36,248.24,278.03,260.65,207.06,196.71
2022-11-30,Sidi el Barrak,Béja,North,286.0,19.34,6.76,141.37,105.51,1.36,248.24,278.03,260.65,207.06,196.71
2022-11-30,Joumine,Bizerte,North,127.0,3.81,3.0,141.37,105.51,1.36,248.24,278.03,260.65,207.06,196.71
2022-11-30,Bouhertma,Jendouba,North,117.0,5.46,4.67,141.37,105.51,1.36,248.24,278.03,260.65,207.06,196.71
2022-11-30,Beni Mtir,Jendouba,North,61.0,8.86,14.53,141.37,105.51,1.36,248.24,278.03,260.65,207.06,196.71
2022-11-30,Kasseb,Béja,North,77.0,14.69,19.08,141.37,105.51,1.36,248.24,278.03,260.65,207.06,196.71
2022-11-30,Ghezala,Bizerte,North,5.5,0.16,3.0,141.37,105.51,1.36,248.24,278.03,260.65,207.06,196.71
2022-11-30,Rmel,Nabeul,North,3.0,0.61,20.44,141.37,105.51,1.36,248.24,278.03,260.65,207.06,196.71
2022-11-30,Ziatine,Bizerte,North,85.0,22.33,26.27,141.37,105.51,1.36,248.24,278.03,260.65,207.06,196.71
2022-11-30,Tessa,Béja,North,25.0,3.74,14.96,141.37,105.51,1.36,248.24,278.03,260.65,207.06,196.71
2022-11-30,Lillah,Béja,North,10.0,3.25,32.52,141.37,105.51,1.36,248.24,278.03,260.65,207.06,196.71
2022-11-30,Sidi Saad,Kairouan,Centre,154.0,4.62,3.0,141.37,105.51,1.36,248.24,278.03,260.65,207.06,196.71
2022-11-30,Nebhana,Kairouan,Centre,63.0,1.89,3.0,141.37,105.51,1.36,248.24,278.03,260.65,207.06,196.71
2022-11-30,Hajeb El Ayoun,Kairouan,Centre,32.0,0.96,3.0,141.37,105.51,1.36,248.24,278.03,260.65,207.06,196.71
2022-11-30,El Haareb,Kairouan,Centre,24.0,6.71,27.95,141.37,105.51,1.36,248.24,278.03,260.65,207.06,196.71
2022-11-30,Nailia,Sidi Bouzid,Centre,7.0,1.25,17.85,141.37,105.51,1.36,248.24,278.03,260.65,207.06,196.71
2022-11-30,Bir M'cherga,Zaghouan,Centre,40.0,3.73,9.33,141.37,105.51,1.36,248.24,278.03,260.65,207.06,196.71
2022-11-30,Lebna,Nabeul,Centre,22.0,2.94,13.36,141.37,105.51,1.36,248.24,278.03,260.65,207.06,196.71
2022-11-30,Siliana,Siliana,Centre,60.0,1.8,3.0,141.37,105.51,1.36,248.24,278.03,260.65,207.06,196.71
2022-11-30,Mellègue,Kef,Centre,197.0,77.52,39.35,141.37,105.51,1.36,248.24,278.03,260.65,207.06,196.71
2022-11-30,Sarrat,Kef,Centre,21.0,2.43,11.55,141.37,105.51,1.36,248.24,278.03,260.65,207.06,196.71
2022-11-30,El Aroussa,Siliana,Centre,8.0,0.91,11.31,141.37,105.51,1.36,248.24,278.03,260.65,207.06,196.71
2022-11-30,Bargou,Siliana,Centre,4.0,0.75,18.71,141.37,105.51,1.36,248.24,278.03,260.65,207.06,196.71
2022-11-30,Chiba,Nabeul,Cap Bon,6.0,0.95,15.77,141.37,105.51,1.36,248.24,278.03,260.65,207.06,196.71
2022-11-30,Wadi El Hajar,Nabeul,Cap Bon,2.0,0.25,12.69,141.37,105.51,1.36,248.24,278.03,260.65,207.06,196.71
2022-11-30,Masri,Nabeul,Cap Bon,5.5,0.16,3.0,141.37,105.51,1.36,248.24,278.03,260.65,207.06,196.71
2022-12-31,Sidi Salem,Béja,North,240.0,37.58,15.66,217.94,82.46,0.97,301.37,337.53,316.44,195.0,185.25
2022-12-31,Sejnane,Bizerte,North,135.0,43.99,32.58,217.94,82.46,0.97,301.37,337.53,316.44,195.0,185.25
2022-12-31,Sidi el Barrak,Béja,North,286.0,74.77,26.15,217.94,82.46,0.97,301.37,337.53,316.44,195.0,185.25
2022-12-31,Joumine,Bizerte,North,127.0,36.98,29.12,217.94,82.46,0.97,301.37,337.53,316.44,195.0,185.25
2022-12-31,Bouhertma,Jendouba,North,117.0,4.52,3.87,217.94,82.46,0.97,301.37,337.53,316.44,195.0,185.25
2022-12-31,Beni Mtir,Jendouba,North,61.0,1.83,3.0,217.94,82.46,0.97,301.37,337.53,316.44,195.0,185.25
2022-12-31,Kasseb,Béja,North,77.0,6.54,8.49,217.94,82.46,0.97,301.37,337.53,316.44,195.0,185.25
2022-12-31,Ghezala,Bizerte,North,5.5,0.59,10.67,217.94,82.46,0.97,301.37,337.53,316.44,195.0,185.25
2022-12-31,Rmel,Nabeul,North,3.0,0.69,23.13,217.94,82.46,0.97,301.37,337.53,316.44,195.0,185.25
2022-12-31,Ziatine,Bizerte,North,85.0,2.55,3.0,217.94,82.46,0.97,301.37,337.53,316.44,195.0,185.25
2022-12-31,Tessa,Béja,North,25.0,7.09,28.35,217.94,82.46,0.97,301.37,337.53,316.44,195.0,185.25
2022-12-31,Lillah,Béja,North,10.0,0.81,8.1,217.94,82.46,0.97,301.37,337.53,316.44,195.0,185.25
2022-12-31,Sidi Saad,Kairouan,Centre,154.0,7.51,4.88,217.94,82.46,0.97,301.37,337.53,316.44,195.0,185.25
2022-12-31,Nebhana,Kairouan,Centre,63.0,1.89,3.0,217.94,82.46,0.97,301.37,337.53,316.44,195.0,185.25
2022-12-31,Hajeb El Ayoun,Kairouan,Centre,32.0,0.96,3.0,217.94,82.46,0.97,301.37,337.53,316.44,195.0,185.25
2022-12-31,El Haareb,Kairouan,Centre,24.0,4.77,19.88,217.94,82.46,0.97,301.37,337.53,316.44,195.0,185.25
2022-12-31,Nailia,Sidi Bouzid,Centre,7.0,0.76,10.88,217.94,82.46,0.97,301.37,337.53,316.44,195.0,185.25
2022-12-31,Bir M'cherga,Zaghouan,Centre,40.0,1.2,3.0,217.94,82.46,0.97,301.37,337.53,316.44,195.0,185.25
2022-12-31,Lebna,Nabeul,Centre,22.0,0.66,3.0,217.94,82.46,0.97,301.37,337.53,316.44,195.0,185.25
2022-12-31,Siliana,Siliana,Centre,60.0,3.58,5.97,217.94,82.46,0.97,301.37,337.53,316.44,195.0,185.25
2022-12-31,Mellègue,Kef,Centre,197.0,59.16,30.03,217.94,82.46,0.97,301.37,337.53,316.44,195.0,185.25
2022-12-31,Sarrat,Kef,Centre,21.0,1.45,6.88,217.94,82.46,0.97,301.37,337.53,316.44,195.0,185.25
2022-12-31,El Aroussa,Siliana,Centre,8.0,0.24,3.0,217.94,82.46,0.97,301.37,337.53,316.44,195.0,185.25
2022-12-31,Bargou,Siliana,Centre,4.0,0.28,7.05,217.94,82.46,0.97,301.37,337.53,316.44,195.0,185.25
2022-12-31,Chiba,Nabeul,Cap Bon,6.0,0.4,6.73,217.94,82.46,0.97,301.37,337.53,316.44,195.0,185.25
2022-12-31,Wadi El Hajar,Nabeul,Cap Bon,2.0,0.06,3.0,217.94,82.46,0.97,301.37,337.53,316.44,195.0,185.25
2022-12-31,Masri,Nabeul,Cap Bon,5.5,0.51,9.35,217.94,82.46,0.97,301.37,337.53,316.44,195.0,185.25
2023-01-31,Sidi Salem,Béja,North,240.0,17.35,7.23,218.36,46.83,0.62,265.81,297.71,279.1,192.06,182.46
2023-01-31,Sejnane,Bizerte,North,135.0,24.78,18.35,218.36,46.83,0.62,265.81,297.71,279.1,192.06,182.46
2023-01-31,Sidi el Barrak,Béja,North,286.0,92.06,32.19,218.36,46.83,0.62,265.81,297.71,279.1,192.06,182.46
2023-01-31,Joumine,Bizerte,North,127.0,29.87,23.52,218.36,46.83,0.62,265.81,297.71,279.1,192.06,182.46
2023-01-31,Bouhertma,Jendouba,North,117.0,7.92,6.77,218.36,46.83,0.62,265.81,297.71,279.1,192.06,182.46
2023-01-31,Beni Mtir,Jendouba,North,61.0,1.83,3.0,218.36,46.83,0.62,265.81,297.71,279.1,192.06,182.46
2023-01-31,Kasseb,Béja,North,77.0,31.48,40.88,218.36,46.83,0.62,265.81,297.71,279.1,192.06,182.46
2023-01-31,Ghezala,Bizerte,North,5.5,0.59,10.71,218.36,46.83,0.62,265.81,297.71,279.1,192.06,182.46
2023-01-31,Rmel,Nabeul,North,3.0,0.31,10.17,218.36,46.83,0.62,265.81,297.71,279.1,192.06,182.46
2023-01-31,Ziatine,Bizerte,North,85.0,8.25,9.71,218.36,46.83,0.62,265.81,297.71,279.1,192.06,182.46
2023-01-31,Tessa,Béja,North,25.0,3.09,12.38,218.36,46.83,0.62,265.81,297.71,279.1,192.06,182.46
2023-01-31,Lillah,Béja,North,10.0,0.83,8.27,218.36,46.83,0.62,265.81,297.71,279.1,192.06,182.46
2023-01-31,Sidi Saad,Kairouan,Centre,154.0,4.8,3.12,218.36,46.83,0.62,265.81,297.71,279.1,192.06,182.46
2023-01-31,Nebhana,Kairouan,Centre,63.0,2.17,3.44,218.36,46.83,0.62,265.81,297.71,279.1,192.06,182.46
2023-01-31,Hajeb El Ayoun,Kairouan,Centre,32.0,3.07,9.61,218.36,46.83,0.62,265.81,297.71,279.1,192.06,182.46
2023-01-31,El Haareb,Kairouan,Centre,24.0,0.83,3.48,218.36,46.83,0.62,265.81,297.71,279.1,192.06,182.46
2023-01-31,Nailia,Sidi Bouzid,Centre,7.0,0.21,3.0,218.36,46.83,0.62,265.81,297.71,279.1,192.06,182.46
2023-01-31,Bir M'cherga,Zaghouan,Centre,40.0,4.51,11.28,218.36,46.83,0.62,265.81,297.71,279.1,192.06,182.46
2023-01-31,Lebna,Nabeul,Centre,22.0,1.53,6.94,218.36,46.83,0.62,265.81,297.71,279.1,192.06,182.46
2023-01-31,Siliana,Siliana,Centre,60.0,16.83,28.05,218.36,46.83,0.62,265.81,297.71,279.1,192.06,182.46
2023-01-31,Mellègue,Kef,Centre,197.0,5.91,3.0,218.36,46.83,0.62,265.81,297.71,279.1,192.06,182.46
2023-01-31,Sarrat,Kef,Centre,21.0,4.85,23.1,218.36,46.83,0.62,265.81,297.71,279.1,192.06,182.46
2023-01-31,El Aroussa,Siliana,Centre,8.0,2.0,24.95,218.36,46.83,0.62,265.81,297.71,279.1,192.06,182.46
2023-01-31,Bargou,Siliana,Centre,4.0,0.12,3.0,218.36,46.83,0.62,265.81,297.71,279.1,192.06,182.46
2023-01-31,Chiba,Nabeul,Cap Bon,6.0,0.35,5.89,218.36,46.83,0.62,265.81,297.71,279.1,192.06,182.46
2023-01-31,Wadi El Hajar,Nabeul,Cap Bon,2.0,0.11,5.54,218.36,46.83,0.62,265.81,297.71,279.1,192.06,182.46
2023-01-31,Masri,Nabeul,Cap Bon,5.5,0.16,3.0,218.36,46.83,0.62,265.81,297.71,279.1,192.06,182.46
2023-02-28,Sidi Salem,Béja,North,240.0,13.6,5.67,216.9,88.96,2.46,308.32,345.32,323.74,225.0,213.75
2023-02-28,Sejnane,Bizerte,North,135.0,4.05,3.0,216.9,88.96,2.46,308.32,345.32,323.74,225.0,213.75
2023-02-28,Sidi el Barrak,Béja,North,286.0,103.04,36.03,216.9,88.96,2.46,308.32,345.32,323.74,225.0,213.75
2023-02-28,Joumine,Bizerte,North,127.0,33.31,26.23,216.9,88.96,2.46,308.32,345.32,323.74,225.0,213.75
2023-02-28,Bouhertma,Jendouba,North,117.0,35.4,30.26,216.9,88.96,2.46,308.32,345.32,323.74,225.0,213.75
2023-02-28,Beni Mtir,Jendouba,North,61.0,14.43,23.66,216.9,88.96,2.46,308.32,345.32,323.74,225.0,213.75
2023-02-28,Kasseb,Béja,North,77.0,2.31,3.0,216.9,88.96,2.46,308.32,345.32,323.74,225.0,213.75
2023-02-28,Ghezala,Bizerte,North,5.5,0.48,8.71,216.9,88.96,2.46,308.32,345.32,323.74,225.0,213.75
2023-02-28,Rmel,Nabeul,North,3.0,0.63,20.87,216.9,88.96,2.46,308.32,345.32,323.74,225.0,213.75
2023-02-28,Ziatine,Bizerte,North,85.0,2.55,3.0,216.9,88.96,2.46,308.32,345.32,323.74,225.0,213.75
2023-02-28,Tessa,Béja,North,25.0,5.89,23.56,216.9,88.96,2.46,308.32,345.32,323.74,225.0,213.75
2023-02-28,Lillah,Béja,North,10.0,1.21,12.12,216.9,88.96,2.46,308.32,345.32,323.74,225.0,213.75
2023-02-28,Sidi Saad,Kairouan,Centre,154.0,16.17,10.5,216.9,88.96,2.46,308.32,345.32,323.74,225.0,213.75
2023-02-28,Nebhana,Kairouan,Centre,63.0,14.82,23.53,216.9,88.96,2.46,308.32,345.32,323.74,225.0,213.75
2023-02-28,Hajeb El Ayoun,Kairouan,Centre,32.0,6.51,20.33,216.9,88.96,2.46,308.32,345.32,323.74,225.0,213.75
2023-02-28,El Haareb,Kairouan,Centre,24.0,2.56,10.67,216.9,88.96,2.46,308.32,345.32,323.74,225.0,213.75
2023-02-28,Nailia,Sidi Bouzid,Centre,7.0,2.02,28.91,216.9,88.96,2.46,308.32,345.32,323.74,225.0,213.75
2023-02-28,Bir M'cherga,Zaghouan,Centre,40.0,1.2,3.0,216.9,88.96,2.46,308.32,345.32,323.74,225.0,213.75
2023-02-28,Lebna,Nabeul,Centre,22.0,4.93,22.39,216.9,88.96,2.46,308.32,345.32,323.74,225.0,213.75
2023-02-28,Siliana,Siliana,Centre,60.0,13.27,22.12,216.9,88.96,2.46,308.32,345.32,323.74,225.0,213.75
2023-02-28,Mellègue,Kef,Centre,197.0,22.23,11.29,216.9,88.96,2.46,308.32,345.32,323.74,225.0,213.75
2023-02-28,Sarrat,Kef,Centre,21.0,3.97,18.91,216.9,88.96,2.46,308.32,345.32,323.74,225.0,213.75
2023-02-28,El Aroussa,Siliana,Centre,8.0,0.24,3.0,216.9,88.96,2.46,308.32,345.32,323.74,225.0,213.75
2023-02-28,Bargou,Siliana,Centre,4.0,1.04,26.09,216.9,88.96,2.46,308.32,345.32,323.74,225.0,213.75
2023-02-28,Chiba,Nabeul,Cap Bon,6.0,0.77,12.78,216.9,88.96,2.46,308.32,345.32,323.74,225.0,213.75
2023-02-28,Wadi El Hajar,Nabeul,Cap Bon,2.0,0.17,8.73,216.9,88.96,2.46,308.32,345.32,323.74,225.0,213.75
2023-02-28,Masri,Nabeul,Cap Bon,5.5,1.52,27.59,216.9,88.96,2.46,308.32,345.32,323.74,225.0,213.75
2023-03-31,Sidi Salem,Béja,North,240.0,37.31,15.55,171.63,118.18,2.97,292.78,327.91,307.42,270.0,256.5
2023-03-31,Sejnane,Bizerte,North,135.0,9.58,7.1,171.63,118.18,2.97,292.78,327.91,307.42,270.0,256.5
2023-03-31,Sidi el Barrak,Béja,North,286.0,15.22,5.32,171.63,118.18,2.97,292.78,327.91,307.42,270.0,256.5
2023-03-31,Joumine,Bizerte,North,127.0,39.72,31.27,171.63,118.18,2.97,292.78,327.91,307.42,270.0,256.5
2023-03-31,Bouhertma,Jendouba,North,117.0,10.1,8.63,171.63,118.18,2.97,292.78,327.91,307.42,270.0,256.5
2023-03-31,Beni Mtir,Jendouba,North,61.0,27.49,45.06,171.63,118.18,2.97,292.78,327.91,307.42,270.0,256.5
2023-03-31,Kasseb,Béja,North,77.0,2.31,3.0,171.63,118.18,2.97,292.78,327.91,307.42,270.0,256.5
2023-03-31,Ghezala,Bizerte,North,5.5,2.44,44.36,171.63,118.18,2.97,292.78,327.91,307.42,270.0,256.5
2023-03-31,Rmel,Nabeul,North,3.0,0.8,26.53,171.63,118.18,2.97,292.78,327.91,307.42,270.0,256.5
2023-03-31,Ziatine,Bizerte,North,85.0,19.41,22.84,171.63,118.18,2.97,292.78,327.91,307.42,270.0,256.5
2023-03-31,Tessa,Béja,North,25.0,4.37,17.46,171.63,118.18,2.97,292.78,327.91,307.42,270.0,256.5
2023-03-31,Lillah,Béja,North,10.0,2.88,28.79,171.63,118.18,2.97,292.78,327.91,307.42,270.0,256.5
2023-03-31,Sidi Saad,Kairouan,Centre,154.0,36.26,23.55,171.63,118.18,2.97,292.78,327.91,307.42,270.0,256.5
2023-03-31,Nebhana,Kairouan,Centre,63.0,23.46,37.24,171.63,118.18,2.97,292.78,327.91,307.42,270.0,256.5
2023-03-31,Hajeb El Ayoun,Kairouan,Centre,32.0,8.12,25.37,171.63,118.18,2.97,292.78,327.91,307.42,270.0,256.5
2023-03-31,El Haareb,Kairouan,Centre,24.0,6.19,25.8,171.63,118.18,2.97,292.78,327.91,307.42,270.0,256.5
2023-03-31,Nailia,Sidi Bouzid,Centre,7.0,1.37,19.64,171.63,118.18,2.97,292.78,327.91,307.42,270.0,256.5
2023-03-31,Bir M'cherga,Zaghouan,Centre,40.0,9.33,23.32,171.63,118.18,2.97,292.78,327.91,307.42,270.0,256.5
2023-03-31,Lebna,Nabeul,Centre,22.0,6.09,27.69,171.63,118.18,2.97,292.78,327.91,307.42,270.0,256.5
2023-03-31,Siliana,Siliana,Centre,60.0,2.09,3.48,171.63,118.18,2.97,292.78,327.91,307.42,270.0,256.5
2023-03-31,Mellègue,Kef,Centre,197.0,15.41,7.82,171.63,118.18,2.97,292.78,327.91,307.42,270.0,256.5
2023-03-31,Sarrat,Kef,Centre,21.0,6.91,32.92,171.63,118.18,2.97,292.78,327.91,307.42,270.0,256.5
2023-03-31,El Aroussa,Siliana,Centre,8.0,2.08,26.05,171.63,118.18,2.97,292.78,327.91,307.42,270.0,256.5
2023-03-31,Bargou,Siliana,Centre,4.0,0.87,21.79,171.63,118.18,2.97,292.78,327.91,307.42,270.0,256.5
2023-03-31,Chiba,Nabeul,Cap Bon,6.0,1.45,24.22,171.63,118.18,2.97,292.78,327.91,307.42,270.0,256.5
2023-03-31,Wadi El Hajar,Nabeul,Cap Bon,2.0,0.56,28.17,171.63,118.18,2.97,292.78,327.91,307.42,270.0,256.5
2023-03-31,Masri,Nabeul,Cap Bon,5.5,0.96,17.52,171.63,118.18,2.97,292.78,327.91,307.42,270.0,256.5
2023-04-30,Sidi Salem,Béja,North,240.0,56.78,23.66,346.32,138.33,6.72,491.37,550.33,515.94,315.0,299.25
2023-04-30,Sejnane,Bizerte,North,135.0,47.72,35.35,346.32,138.33,6.72,491.37,550.33,515.94,315.0,299.25
2023-04-30,Sidi el Barrak,Béja,North,286.0,60.8,21.26,346.32,138.33,6.72,491.37,550.33,515.94,315.0,299.25
2023-04-30,Joumine,Bizerte,North,127.0,48.13,37.9,346.32,138.33,6.72,491.37,550.33,515.94,315.0,299.25
2023-04-30,Bouhertma,Jendouba,North,117.0,14.71,12.57,346.32,138.33,6.72,491.37,550.33,515.94,315.0,299.25
2023-04-30,Beni Mtir,Jendouba,North,61.0,27.66,45.35,346.32,138.33,6.72,491.37,550.33,515.94,315.0,299.25
2023-04-30,Kasseb,Béja,North,77.0,29.78,38.67,346.32,138.33,6.72,491.37,550.33,515.94,315.0,299.25
2023-04-30,Ghezala,Bizerte,North,5.5,1.98,36.07,346.32,138.33,6.72,491.37,550.33,515.94,315.0,299.25
2023-04-30,Rmel,Nabeul,North,3.0,1.34,44.79,346.32,138.33,6.72,491.37,550.33,515.94,315.0,299.25
2023-04-30,Ziatine,Bizerte,North,85.0,45.04,52.99,346.32,138.33,6.72,491.37,550.33,515.94,315.0,299.25
2023-04-30,Tessa,Béja,North,25.0,11.29,45.17,346.32,138.33,6.72,491.37,550.33,515.94,315.0,299.25
2023-04-30,Lillah,Béja,North,10.0,1.09,10.91,346.32,138.33,6.72,491.37,550.33,515.94,315.0,299.25
2023-04-30,Sidi Saad,Kairouan,Centre,154.0,27.17,17.65,346.32,138.33,6.72,491.37,550.33,515.94,315.0,299.25
2023-04-30,Nebhana,Kairouan,Centre,63.0,16.07,25.5,346.32,138.33,6.72,491.37,550.33,515.94,315.0,299.25
2023-04-30,Hajeb El Ayoun,Kairouan,Centre,32.0,10.66,33.31,346.32,138.33,6.72,491.37,550.33,515.94,315.0,299.25
2023-04-30,El Haareb,Kairouan,Centre,24.0,9.41,39.21,346.32,138.33,6.72,491.37,550.33,515.94,315.0,299.25
2023-04-30,Nailia,Sidi Bouzid,Centre,7.0,1.7,24.29,346.32,138.33,6.72,491.37,550.33,515.94,315.0,299.25
2023-04-30,Bir M'cherga,Zaghouan,Centre,40.0,14.1,35.24,346.32,138.33,6.72,491.37,550.33,515.94,315.0,299.25
2023-04-30,Lebna,Nabeul,Centre,22.0,5.27,23.94,346.32,138.33,6.72,491.37,550.33,515.94,315.0,299.25
2023-04-30,Siliana,Siliana,Centre,60.0,15.4,25.66,346.32,138.33,6.72,491.37,550.33,515.94,315.0,299.25
2023-04-30,Mellègue,Kef,Centre,197.0,31.76,16.12,346.32,138.33,6.72,491.37,550.33,515.94,315.0,299.25
2023-04-30,Sarrat,Kef,Centre,21.0,4.6,21.92,346.32,138.33,6.72,491.37,550.33,515.94,315.0,299.25
2023-04-30,El Aroussa,Siliana,Centre,8.0,1.34,16.78,346.32,138.33,6.72,491.37,550.33,515.94,315.0,299.25
2023-04-30,Bargou,Siliana,Centre,4.0,0.85,21.29,346.32,138.33,6.72,491.37,550.33,515.94,315.0,299.25
2023-04-30,Chiba,Nabeul,Cap Bon,6.0,2.74,45.64,346.32,138.33,6.72,491.37,550.33,515.94,315.0,299.25
2023-04-30,Wadi El Hajar,Nabeul,Cap Bon,2.0,0.43,21.61,346.32,138.33,6.72,491.37,550.33,515.94,315.0,299.25
2023-04-30,Masri,Nabeul,Cap Bon,5.5,3.55,64.59,346.32,138.33,6.72,491.37,550.33,515.94,315.0,299.25
2023-05-31,Sidi Salem,Béja,North,240.0,109.22,45.51,473.85,231.36,5.4,710.61,795.88,746.14,347.94,330.54
2023-05-31,Sejnane,Bizerte,North,135.0,56.44,41.81,473.85,231.36,5.4,710.61,795.88,746.14,347.94,330.54
2023-05-31,Sidi el Barrak,Béja,North,286.0,83.76,29.29,473.85,231.36,5.4,710.61,795.88,746.14,347.94,330.54
2023-05-31,Joumine,Bizerte,North,127.0,60.95,47.99,473.85,231.36,5.4,710.61,795.88,746.14,347.94,330.54
2023-05-31,Bouhertma,Jendouba,North,117.0,38.24,32.68,473.85,231.36,5.4,710.61,795.88,746.14,347.94,330.54
2023-05-31,Beni Mtir,Jendouba,North,61.0,25.04,41.05,473.85,231.36,5.4,710.61,795.88,746.14,347.94,330.54
2023-05-31,Kasseb,Béja,North,77.0,54.14,70.31,473.85,231.36,5.4,710.61,795.88,746.14,347.94,330.54
2023-05-31,Ghezala,Bizerte,North,5.5,2.11,38.44,473.85,231.36,5.4,710.61,795.88,746.14,347.94,330.54
2023-05-31,Rmel,Nabeul,North,3.0,1.6,53.38,473.85,231.36,5.4,710.61,795.88,746.14,347.94,330.54
2023-05-31,Ziatine,Bizerte,North,85.0,26.48,31.15,473.85,231.36,5.4,710.61,795.88,746.14,347.94,330.54
2023-05-31,Tessa,Béja,North,25.0,9.79,39.17,473.85,231.36,5.4,710.61,795.88,746.14,347.94,330.54
2023-05-31,Lillah,Béja,North,10.0,6.08,60.84,473.85,231.36,5.4,710.61,795.88,746.14,347.94,330.54
2023-05-31,Sidi Saad,Kairouan,Centre,154.0,49.38,32.06,473.85,231.36,5.4,710.61,795.88,746.14,347.94,330.54
2023-05-31,Nebhana,Kairouan,Centre,63.0,38.64,61.34,473.85,231.36,5.4,710.61,795.88,746.14,347.94,330.54
2023-05-31,Hajeb El Ayoun,Kairouan,Centre,32.0,15.39,48.08,473.85,231.36,5.4,710.61,795.88,746.14,347.94,330.54
2023-05-31,El Haareb,Kairouan,Centre,24.0,7.88,32.84,473.85,231.36,5.4,710.61,795.88,746.14,347.94,330.54
2023-05-31,Nailia,Sidi Bouzid,Centre,7.0,3.3,47.18,473.85,231.36,5.4,710.61,795.88,746.14,347.94,330.54
2023-05-31,Bir M'cherga,Zaghouan,Centre,40.0,20.5,51.26,473.85,231.36,5.4,710.61,795.88,746.14,347.94,330.54
2023-05-31,Lebna,Nabeul,Centre,22.0,10.35,47.05,473.85,231.36,5.4,710.61,795.88,746.14,347.94,330.54
2023-05-31,Siliana,Siliana,Centre,60.0,12.45,20.75,473.85,231.36,5.4,710.61,795.88,746.14,347.94,330.54
2023-05-31,Mellègue,Kef,Centre,197.0,60.8,30.86,473.85,231.36,5.4,710.61,795.88,746.14,347.94,330.54
2023-05-31,Sarrat,Kef,Centre,21.0,7.69,36.62,473.85,231.36,5.4,710.61,795.88,746.14,347.94,330.54
2023-05-31,El Aroussa,Siliana,Centre,8.0,3.1,38.7,473.85,231.36,5.4,710.61,795.88,746.14,347.94,330.54
2023-05-31,Bargou,Siliana,Centre,4.0,1.88,47.04,473.85,231.36,5.4,710.61,795.88,746.14,347.94,330.54
2023-05-31,Chiba,Nabeul,Cap Bon,6.0,2.5,41.72,473.85,231.36,5.4,710.61,795.88,746.14,347.94,330.54
2023-05-31,Wadi El Hajar,Nabeul,Cap Bon,2.0,0.47,23.56,473.85,231.36,5.4,710.61,795.88,746.14,347.94,330.54
2023-05-31,Masri,Nabeul,Cap Bon,5.5,2.43,44.15,473.85,231.36,5.4,710.61,795.88,746.14,347.94,330.54
2023-06-30,Sidi Salem,Béja,North,240.0,118.38,49.33,557.06,278.94,5.04,841.04,941.96,883.09,360.0,342.0
2023-06-30,Sejnane,Bizerte,North,135.0,65.77,48.72,557.06,278.94,5.04,841.04,941.96,883.09,360.0,342.0
2023-06-30,Sidi el Barrak,Béja,North,286.0,157.21,54.97,557.06,278.94,5.04,841.04,941.96,883.09,360.0,342.0
2023-06-30,Joumine,Bizerte,North,127.0,66.05,52.01,557.06,278.94,5.04,841.04,941.96,883.09,360.0,342.0
2023-06-30,Bouhertma,Jendouba,North,117.0,55.59,47.51,557.06,278.94,5.04,841.04,941.96,883.09,360.0,342.0
2023-06-30,Beni Mtir,Jendouba,North,61.0,25.11,41.16,557.06,278.94,5.04,841.04,941.96,883.09,360.0,342.0
2023-06-30,Kasseb,Béja,North,77.0,16.99,22.07,557.06,278.94,5.04,841.04,941.96,883.09,360.0,342.0
2023-06-30,Ghezala,Bizerte,North,5.5,2.59,47.16,557.06,278.94,5.04,841.04,941.96,883.09,360.0,342.0
2023-06-30,Rmel,Nabeul,North,3.0,1.33,44.49,557.06,278.94,5.04,841.04,941.96,883.09,360.0,342.0
2023-06-30,Ziatine,Bizerte,North,85.0,38.47,45.26,557.06,278.94,5.04,841.04,941.96,883.09,360.0,342.0
2023-06-30,Tessa,Béja,North,25.0,6.67,26.68,557.06,278.94,5.04,841.04,941.96,883.09,360.0,342.0
2023-06-30,Lillah,Béja,North,10.0,2.9,29.03,557.06,278.94,5.04,841.04,941.96,883.09,360.0,342.0
2023-06-30,Sidi Saad,Kairouan,Centre,154.0,84.14,54.64,557.06,278.94,5.04,841.04,941.96,883.09,360.0,342.0
2023-06-30,Nebhana,Kairouan,Centre,63.0,26.16,41.53,557.06,278.94,5.04,841.04,941.96,883.09,360.0,342.0
2023-06-30,Hajeb El Ayoun,Kairouan,Centre,32.0,16.06,50.18,557.06,278.94,5.04,841.04,941.96,883.09,360.0,342.0
2023-06-30,El Haareb,Kairouan,Centre,24.0,10.16,42.34,557.06,278.94,5.04,841.04,941.96,883.09,360.0,342.0
2023-06-30,Nailia,Sidi Bouzid,Centre,7.0,2.96,42.36,557.06,278.94,5.04,841.04,941.96,883.09,360.0,342.0
2023-06-30,Bir M'cherga,Zaghouan,Centre,40.0,21.3,53.26,557.06,278.94,5.04,841.04,941.96,883.09,360.0,342.0
2023-06-30,Lebna,Nabeul,Centre,22.0,7.88,35.81,557.06,278.94,5.04,841.04,941.96,883.09,360.0,342.0
2023-06-30,Siliana,Siliana,Centre,60.0,25.89,43.15,557.06,278.94,5.04,841.04,941.96,883.09,360.0,342.0
2023-06-30,Mellègue,Kef,Centre,197.0,71.81,36.45,557.06,278.94,5.04,841.04,941.96,883.09,360.0,342.0
2023-06-30,Sarrat,Kef,Centre,21.0,7.73,36.79,557.06,278.94,5.04,841.04,941.96,883.09,360.0,342.0
2023-06-30,El Aroussa,Siliana,Centre,8.0,3.06,38.29,557.06,278.94,5.04,841.04,941.96,883.09,360.0,342.0
2023-06-30,Bargou,Siliana,Centre,4.0,1.79,44.67,557.06,278.94,5.04,841.04,941.96,883.09,360.0,342.0
2023-06-30,Chiba,Nabeul,Cap Bon,6.0,2.18,36.26,557.06,278.94,5.04,841.04,941.96,883.09,360.0,342.0
2023-06-30,Wadi El Hajar,Nabeul,Cap Bon,2.0,1.14,57.07,557.06,278.94,5.04,841.04,941.96,883.09,360.0,342.0
2023-06-30,Masri,Nabeul,Cap Bon,5.5,1.72,31.26,557.06,278.94,5.04,841.04,941.96,883.09,360.0,342.0
2023-07-31,Sidi Salem,Béja,North,240.0,89.63,37.35,521.63,252.67,6.4,780.7,874.38,819.74,347.94,330.54
2023-07-31,Sejnane,Bizerte,North,135.0,46.32,34.31,521.63,252.67,6.4,780.7,874.38,819.74,347.94,330.54
2023-07-31,Sidi el Barrak,Béja,North,286.0,162.88,56.95,521.63,252.67,6.4,780.7,874.38,819.74,347.94,330.54
2023-07-31,Joumine,Bizerte,North,127.0,53.27,41.95,521.63,252.67,6.4,780.7,874.38,819.74,347.94,330.54
2023-07-31,Bouhertma,Jendouba,North,117.0,60.81,51.97,521.63,252.67,6.4,780.7,874.38,819.74,347.94,330.54
2023-07-31,Beni Mtir,Jendouba,North,61.0,13.27,21.76,521.63,252.67,6.4,780.7,874.38,819.74,347.94,330.54
2023-07-31,Kasseb,Béja,North,77.0,32.95,42.79,521.63,252.67,6.4,780.7,874.38,819.74,347.94,330.54
2023-07-31,Ghezala,Bizerte,North,5.5,2.76,50.26,521.63,252.67,6.4,780.7,874.38,819.74,347.94,330.54
2023-07-31,Rmel,Nabeul,North,3.0,1.22,40.58,521.63,252.67,6.4,780.7,874.38,819.74,347.94,330.54
2023-07-31,Ziatine,Bizerte,North,85.0,44.52,52.37,521.63,252.67,6.4,780.7,874.38,819.74,347.94,330.54
2023-07-31,Tessa,Béja,North,25.0,8.35,33.38,521.63,252.67,6.4,780.7,874.38,819.74,347.94,330.54
2023-07-31,Lillah,Béja,North,10.0,5.65,56.5,521.63,252.67,6.4,780.7,874.38,819.74,347.94,330.54
2023-07-31,Sidi Saad,Kairouan,Centre,154.0,103.45,67.18,521.63,252.67,6.4,780.7,874.38,819.74,347.94,330.54
2023-07-31,Nebhana,Kairouan,Centre,63.0,22.2,35.23,521.63,252.67,6.4,780.7,874.38,819.74,347.94,330.54
2023-07-31,Hajeb El Ayoun,Kairouan,Centre,32.0,10.96,34.24,521.63,252.67,6.4,780.7,874.38,819.74,347.94,330.54
2023-07-31,El Haareb,Kairouan,Centre,24.0,13.69,57.03,521.63,252.67,6.4,780.7,874.38,819.74,347.94,330.54
2023-07-31,Nailia,Sidi Bouzid,Centre,7.0,4.1,58.54,521.63,252.67,6.4,780.7,874.38,819.74,347.94,330.54
2023-07-31,Bir M'cherga,Zaghouan,Centre,40.0,13.33,33.31,521.63,252.67,6.4,780.7,874.38,819.74,347.94,330.54
2023-07-31,Lebna,Nabeul,Centre,22.0,7.6,34.55,521.63,252.67,6.4,780.7,874.38,819.74,347.94,330.54
2023-07-31,Siliana,Siliana,Centre,60.0,21.72,36.21,521.63,252.67,6.4,780.7,874.38,819.74,347.94,330.54
2023-07-31,Mellègue,Kef,Centre,197.0,46.21,23.46,521.63,252.67,6.4,780.7,874.38,819.74,347.94,330.54
2023-07-31,Sarrat,Kef,Centre,21.0,6.0,28.56,521.63,252.67,6.4,780.7,874.38,819.74,347.94,330.54
2023-07-31,El Aroussa,Siliana,Centre,8.0,2.2,27.54,521.63,252.67,6.4,780.7,874.38,819.74,347.94,330.54
2023-07-31,Bargou,Siliana,Centre,4.0,1.21,30.37,521.63,252.67,6.4,780.7,874.38,819.74,347.94,330.54
2023-07-31,Chiba,Nabeul,Cap Bon,6.0,2.35,39.17,521.63,252.67,6.4,780.7,874.38,819.74,347.94,330.54
2023-07-31,Wadi El Hajar,Nabeul,Cap Bon,2.0,0.85,42.4,521.63,252.67,6.4,780.7,874.38,819.74,347.94,330.54
2023-07-31,Masri,Nabeul,Cap Bon,5.5,3.2,58.19,521.63,252.67,6.4,780.7,874.38,819.74,347.94,330.54
2023-08-31,Sidi Salem,Béja,North,240.0,50.45,21.02,380.32,200.85,4.92,586.09,656.42,615.39,315.0,299.25
2023-08-31,Sejnane,Bizerte,North,135.0,60.5,44.81,380.32,200.85,4.92,586.09,656.42,615.39,315.0,299.25
2023-08-31,Sidi el Barrak,Béja,North,286.0,87.04,30.43,380.32,200.85,4.92,586.09,656.42,615.39,315.0,299.25
2023-08-31,Joumine,Bizerte,North,127.0,41.16,32.41,380.32,200.85,4.92,586.09,656.42,615.39,315.0,299.25
2023-08-31,Bouhertma,Jendouba,North,117.0,48.08,41.1,380.32,200.85,4.92,586.09,656.42,615.39,315.0,299.25
2023-08-31,Beni Mtir,Jendouba,North,61.0,11.91,19.53,380.32,200.85,4.92,586.09,656.42,615.39,315.0,299.25
2023-08-31,Kasseb,Béja,North,77.0,28.94,37.59,380.32,200.85,4.92,586.09,656.42,615.39,315.0,299.25
2023-08-31,Ghezala,Bizerte,North,5.5,1.92,35.0,380.32,200.85,4.92,586.09,656.42,615.39,315.0,299.25
2023-08-31,Rmel,Nabeul,North,3.0,1.17,38.91,380.32,200.85,4.92,586.09,656.42,615.39,315.0,299.25
2023-08-31,Ziatine,Bizerte,North,85.0,31.0,36.47,380.32,200.85,4.92,586.09,656.42,615.39,315.0,299.25
2023-08-31,Tessa,Béja,North,25.0,15.62,62.46,380.32,200.85,4.92,586.09,656.42,615.39,315.0,299.25
2023-08-31,Lillah,Béja,North,10.0,2.53,25.35,380.32,200.85,4.92,586.09,656.42,615.39,315.0,299.25
2023-08-31,Sidi Saad,Kairouan,Centre,154.0,41.01,26.63,380.32,200.85,4.92,586.09,656.42,615.39,315.0,299.25
2023-08-31,Nebhana,Kairouan,Centre,63.0,16.08,25.52,380.32,200.85,4.92,586.09,656.42,615.39,315.0,299.25
2023-08-31,Hajeb El Ayoun,Kairouan,Centre,32.0,8.43,26.33,380.32,200.85,4.92,586.09,656.42,615.39,315.0,299.25
2023-08-31,El Haareb,Kairouan,Centre,24.0,6.08,25.35,380.32,200.85,4.92,586.09,656.42,615.39,315.0,299.25
2023-08-31,Nailia,Sidi Bouzid,Centre,7.0,3.31,47.27,380.32,200.85,4.92,586.09,656.42,615.39,315.0,299.25
2023-08-31,Bir M'cherga,Zaghouan,Centre,40.0,20.02,50.05,380.32,200.85,4.92,586.09,656.42,615.39,315.0,299.25
2023-08-31,Lebna,Nabeul,Centre,22.0,5.75,26.15,380.32,200.85,4.92,586.09,656.42,615.39,315.0,299.25
2023-08-31,Siliana,Siliana,Centre,60.0,13.81,23.01,380.32,200.85,4.92,586.09,656.42,615.39,315.0,299.25
2023-08-31,Mellègue,Kef,Centre,197.0,76.15,38.66,380.32,200.85,4.92,586.09,656.42,615.39,315.0,299.25
2023-08-31,Sarrat,Kef,Centre,21.0,5.54,26.37,380.32,200.85,4.92,586.09,656.42,615.39,315.0,299.25
2023-08-31,El Aroussa,Siliana,Centre,8.0,3.25,40.6,380.32,200.85,4.92,586.09,656.42,615.39,315.0,299.25
2023-08-31,Bargou,Siliana,Centre,4.0,1.42,35.44,380.32,200.85,4.92,586.09,656.42,615.39,315.0,299.25
2023-08-31,Chiba,Nabeul,Cap Bon,6.0,0.89,14.81,380.32,200.85,4.92,586.09,656.42,615.39,315.0,299.25
2023-08-31,Wadi El Hajar,Nabeul,Cap Bon,2.0,1.03,51.57,380.32,200.85,4.92,586.09,656.42,615.39,315.0,299.25
2023-08-31,Masri,Nabeul,Cap Bon,5.5,3.0,54.55,380.32,200.85,4.92,586.09,656.42,615.39,315.0,299.25
2023-09-30,Sidi Salem,Béja,North,240.0,39.95,16.65,288.03,174.12,4.48,466.63,522.63,489.96,270.0,256.5
2023-09-30,Sejnane,Bizerte,North,135.0,26.12,19.35,288.03,174.12,4.48,466.63,522.63,489.96,270.0,256.5
2023-09-30,Sidi el Barrak,Béja,North,286.0,78.45,27.43,288.03,174.12,4.48,466.63,522.63,489.96,270.0,256.5
2023-09-30,Joumine,Bizerte,North,127.0,35.58,28.01,288.03,174.12,4.48,466.63,522.63,489.96,270.0,256.5
2023-09-30,Bouhertma,Jendouba,North,117.0,37.33,31.9,288.03,174.12,4.48,466.63,522.63,489.96,270.0,256.5
2023-09-30,Beni Mtir,Jendouba,North,61.0,29.35,48.12,288.03,174.12,4.48,466.63,522.63,489.96,270.0,256.5
2023-09-30,Kasseb,Béja,North,77.0,16.85,21.88,288.03,174.12,4.48,466.63,522.63,489.96,270.0,256.5
2023-09-30,Ghezala,Bizerte,North,5.5,0.79,14.42,288.03,174.12,4.48,466.63,522.63,489.96,270.0,256.5
2023-09-30,Rmel,Nabeul,North,3.0,0.22,7.45,288.03,174.12,4.48,466.63,522.63,489.96,270.0,256.5
2023-09-30,Ziatine,Bizerte,North,85.0,12.94,15.23,288.03,174.12,4.48,466.63,522.63,489.96,270.0,256.5
2023-09-30,Tessa,Béja,North,25.0,5.9,23.6,288.03,174.12,4.48,466.63,522.63,489.96,270.0,256.5
2023-09-30,Lillah,Béja,North,10.0,4.55,45.53,288.03,174.12,4.48,466.63,522.63,489.96,270.0,256.5
2023-09-30,Sidi Saad,Kairouan,Centre,154.0,27.39,17.79,288.03,174.12,4.48,466.63,522.63,489.96,270.0,256.5
2023-09-30,Nebhana,Kairouan,Centre,63.0,16.81,26.69,288.03,174.12,4.48,466.63,522.63,489.96,270.0,256.5
2023-09-30,Hajeb El Ayoun,Kairouan,Centre,32.0,7.62,23.8,288.03,174.12,4.48,466.63,522.63,489.96,270.0,256.5
2023-09-30,El Haareb,Kairouan,Centre,24.0,9.18,38.26,288.03,174.12,4.48,466.63,522.63,489.96,270.0,256.5
2023-09-30,Nailia,Sidi Bouzid,Centre,7.0,3.8,54.32,288.03,174.12,4.48,466.63,522.63,489.96,270.0,256.5
2023-09-30,Bir M'cherga,Zaghouan,Centre,40.0,7.05,17.63,288.03,174.12,4.48,466.63,522.63,489.96,270.0,256.5
2023-09-30,Lebna,Nabeul,Centre,22.0,3.99,18.13,288.03,174.12,4.48,466.63,522.63,489.96,270.0,256.5
2023-09-30,Siliana,Siliana,Centre,60.0,21.92,36.53,288.03,174.12,4.48,466.63,522.63,489.96,270.0,256.5
2023-09-30,Mellègue,Kef,Centre,197.0,63.4,32.18,288.03,174.12,4.48,466.63,522.63,489.96,270.0,256.5
2023-09-30,Sarrat,Kef,Centre,21.0,9.69,46.16,288.03,174.12,4.48,466.63,522.63,489.96,270.0,256.5
2023-09-30,El Aroussa,Siliana,Centre,8.0,2.48,31.01,288.03,174.12,4.48,466.63,522.63,489.96,270.0,256.5
2023-09-30,Bargou,Siliana,Centre,4.0,0.79,19.69,288.03,174.12,4.48,466.63,522.63,489.96,270.0,256.5
2023-09-30,Chiba,Nabeul,Cap Bon,6.0,1.87,31.09,288.03,174.12,4.48,466.63,522.63,489.96,270.0,256.5
2023-09-30,Wadi El Hajar,Nabeul,Cap Bon,2.0,0.75,37.3,288.03,174.12,4.48,466.63,522.63,489.96,270.0,256.5
2023-09-30,Masri,Nabeul,Cap Bon,5.5,1.86,33.85,288.03,174.12,4.48,466.63,522.63,489.96,270.0,256.5
2023-10-31,Sidi Salem,Béja,North,240.0,50.61,21.09,281.17,131.66,2.5,415.33,465.17,436.1,225.0,213.75
2023-10-31,Sejnane,Bizerte,North,135.0,37.53,27.8,281.17,131.66,2.5,415.33,465.17,436.1,225.0,213.75
2023-10-31,Sidi el Barrak,Béja,North,286.0,83.03,29.03,281.17,131.66,2.5,415.33,465.17,436.1,225.0,213.75
2023-10-31,Joumine,Bizerte,North,127.0,40.11,31.59,281.17,131.66,2.5,415.33,465.17,436.1,225.0,213.75
2023-10-31,Bouhertma,Jendouba,North,117.0,26.66,22.78,281.17,131.66,2.5,415.33,465.17,436.1,225.0,213.75
2023-10-31,Beni Mtir,Jendouba,North,61.0,7.93,12.99,281.17,131.66,2.5,415.33,465.17,436.1,225.0,213.75
2023-10-31,Kasseb,Béja,North,77.0,12.91,16.76,281.17,131.66,2.5,415.33,465.17,436.1,225.0,213.75
2023-10-31,Ghezala,Bizerte,North,5.5,1.62,29.48,281.17,131.66,2.5,415.33,465.17,436.1,225.0,213.75
2023-10-31,Rmel,Nabeul,North,3.0,0.16,5.2,281.17,131.66,2.5,415.33,465.17,436.1,225.0,213.75
2023-10-31,Ziatine,Bizerte,North,85.0,16.51,19.42,281.17,131.66,2.5,415.33,465.17,436.1,225.0,213.75
2023-10-31,Tessa,Béja,North,25.0,2.57,10.28,281.17,131.66,2.5,415.33,465.17,436.1,225.0,213.75
2023-10-31,Lillah,Béja,North,10.0,1.53,15.34,281.17,131.66,2.5,415.33,465.17,436.1,225.0,213.75
2023-10-31,Sidi Saad,Kairouan,Centre,154.0,46.73,30.34,281.17,131.66,2.5,415.33,465.17,436.1,225.0,213.75
2023-10-31,Nebhana,Kairouan,Centre,63.0,10.89,17.29,281.17,131.66,2.5,415.33,465.17,436.1,225.0,213.75
2023-10-31,Hajeb El Ayoun,Kairouan,Centre,32.0,4.98,15.56,281.17,131.66,2.5,415.33,465.17,436.1,225.0,213.75
2023-10-31,El Haareb,Kairouan,Centre,24.0,0.72,3.0,281.17,131.66,2.5,415.33,465.17,436.1,225.0,213.75
2023-10-31,Nailia,Sidi Bouzid,Centre,7.0,1.68,23.96,281.17,131.66,2.5,415.33,465.17,436.1,225.0,213.75
2023-10-31,Bir M'cherga,Zaghouan,Centre,40.0,9.1,22.75,281.17,131.66,2.5,415.33,465.17,436.1,225.0,213.75
2023-10-31,Lebna,Nabeul,Centre,22.0,9.01,40.96,281.17,131.66,2.5,415.33,465.17,436.1,225.0,213.75
2023-10-31,Siliana,Siliana,Centre,60.0,6.78,11.31,281.17,131.66,2.5,415.33,465.17,436.1,225.0,213.75
2023-10-31,Mellègue,Kef,Centre,197.0,34.73,17.63,281.17,131.66,2.5,415.33,465.17,436.1,225.0,213.75
2023-10-31,Sarrat,Kef,Centre,21.0,3.78,17.99,281.17,131.66,2.5,415.33,465.17,436.1,225.0,213.75
2023-10-31,El Aroussa,Siliana,Centre,8.0,2.71,33.93,281.17,131.66,2.5,415.33,465.17,436.1,225.0,213.75
2023-10-31,Bargou,Siliana,Centre,4.0,0.55,13.86,281.17,131.66,2.5,415.33,465.17,436.1,225.0,213.75
2023-10-31,Chiba,Nabeul,Cap Bon,6.0,1.1,18.35,281.17,131.66,2.5,415.33,465.17,436.1,225.0,213.75
2023-10-31,Wadi El Hajar,Nabeul,Cap Bon,2.0,0.45,22.29,281.17,131.66,2.5,415.33,465.17,436.1,225.0,213.75
2023-10-31,Masri,Nabeul,Cap Bon,5.5,0.95,17.24,281.17,131.66,2.5,415.33,465.17,436.1,225.0,213.75
2023-11-30,Sidi Salem,Béja,North,240.0,11.14,4.64,151.91,68.96,3.02,223.89,250.76,235.08,192.06,182.46
2023-11-30,Sejnane,Bizerte,North,135.0,16.64,12.33,151.91,68.96,3.02,223.89,250.76,235.08,192.06,182.46
2023-11-30,Sidi el Barrak,Béja,North,286.0,65.45,22.88,151.91,68.96,3.02,223.89,250.76,235.08,192.06,182.46
2023-11-30,Joumine,Bizerte,North,127.0,3.81,3.0,151.91,68.96,3.02,223.89,250.76,235.08,192.06,182.46
2023-11-30,Bouhertma,Jendouba,North,117.0,13.57,11.6,151.91,68.96,3.02,223.89,250.76,235.08,192.06,182.46
2023-11-30,Beni Mtir,Jendouba,North,61.0,1.83,3.0,151.91,68.96,3.02,223.89,250.76,235.08,192.06,182.46
2023-11-30,Kasseb,Béja,North,77.0,18.74,24.34,151.91,68.96,3.02,223.89,250.76,235.08,192.06,182.46
2023-11-30,Ghezala,Bizerte,North,5.5,0.16,3.0,151.91,68.96,3.02,223.89,250.76,235.08,192.06,182.46
2023-11-30,Rmel,Nabeul,North,3.0,0.1,3.29,151.91,68.96,3.02,223.89,250.76,235.08,192.06,182.46
2023-11-30,Ziatine,Bizerte,North,85.0,12.35,14.53,151.91,68.96,3.02,223.89,250.76,235.08,192.06,182.46
2023-11-30,Tessa,Béja,North,25.0,7.2,28.79,151.91,68.96,3.02,223.89,250.76,235.08,192.06,182.46
2023-11-30,Lillah,Béja,North,10.0,0.92,9.21,151.91,68.96,3.02,223.89,250.76,235.08,192.06,182.46
2023-11-30,Sidi Saad,Kairouan,Centre,154.0,5.14,3.34,151.91,68.96,3.02,223.89,250.76,235.08,192.06,182.46
2023-11-30,Nebhana,Kairouan,Centre,63.0,20.52,32.57,151.91,68.96,3.02,223.89,250.76,235.08,192.06,182.46
2023-11-30,Hajeb El Ayoun,Kairouan,Centre,32.0,0.96,3.0,151.91,68.96,3.02,223.89,250.76,235.08,192.06,182.46
2023-11-30,El Haareb,Kairouan,Centre,24.0,0.72,3.0,151.91,68.96,3.02,223.89,250.76,235.08,192.06,182.46
2023-11-30,Nailia,Sidi Bouzid,Centre,7.0,1.07,15.28,151.91,68.96,3.02,223.89,250.76,235.08,192.06,182.46
2023-11-30,Bir M'cherga,Zaghouan,Centre,40.0,1.59,3.98,151.91,68.96,3.02,223.89,250.76,235.08,192.06,182.46
2023-11-30,Lebna,Nabeul,Centre,22.0,0.66,3.0,151.91,68.96,3.02,223.89,250.76,235.08,192.06,182.46
2023-11-30,Siliana,Siliana,Centre,60.0,11.1,18.5,151.91,68.96,3.02,223.89,250.76,235.08,192.06,182.46
2023-11-30,Mellègue,Kef,Centre,197.0,25.46,12.93,151.91,68.96,3.02,223.89,250.76,235.08,192.06,182.46
2023-11-30,Sarrat,Kef,Centre,21.0,0.68,3.23,151.91,68.96,3.02,223.89,250.76,235.08,192.06,182.46
2023-11-30,El Aroussa,Siliana,Centre,8.0,0.24,3.0,151.91,68.96,3.02,223.89,250.76,235.08,192.06,182.46
2023-11-30,Bargou,Siliana,Centre,4.0,0.82,20.47,151.91,68.96,3.02,223.89,250.76,235.08,192.06,182.46
2023-11-30,Chiba,Nabeul,Cap Bon,6.0,1.07,17.8,151.91,68.96,3.02,223.89,250.76,235.08,192.06,182.46
2023-11-30,Wadi El Hajar,Nabeul,Cap Bon,2.0,0.18,8.81,151.91,68.96,3.02,223.89,250.76,235.08,192.06,182.46
2023-11-30,Masri,Nabeul,Cap Bon,5.5,1.77,32.16,151.91,68.96,3.02,223.89,250.76,235.08,192.06,182.46
2023-12-31,Sidi Salem,Béja,North,240.0,7.2,3.0,78.14,117.08,0.57,195.79,219.28,205.58,180.0,171.0
2023-12-31,Sejnane,Bizerte,North,135.0,4.05,3.0,78.14,117.08,0.57,195.79,219.28,205.58,180.0,171.0
2023-12-31,Sidi el Barrak,Béja,North,286.0,8.58,3.0,78.14,117.08,0.57,195.79,219.28,205.58,180.0,171.0
2023-12-31,Joumine,Bizerte,North,127.0,12.01,9.45,78.14,117.08,0.57,195.79,219.28,205.58,180.0,171.0
2023-12-31,Bouhertma,Jendouba,North,117.0,15.12,12.92,78.14,117.08,0.57,195.79,219.28,205.58,180.0,171.0
2023-12-31,Beni Mtir,Jendouba,North,61.0,4.33,7.11,78.14,117.08,0.57,195.79,219.28,205.58,180.0,171.0
2023-12-31,Kasseb,Béja,North,77.0,10.95,14.22,78.14,117.08,0.57,195.79,219.28,205.58,180.0,171.0
2023-12-31,Ghezala,Bizerte,North,5.5,0.16,3.0,78.14,117.08,0.57,195.79,219.28,205.58,180.0,171.0
2023-12-31,Rmel,Nabeul,North,3.0,0.82,27.33,78.14,117.08,0.57,195.79,219.28,205.58,180.0,171.0
2023-12-31,Ziatine,Bizerte,North,85.0,7.66,9.01,78.14,117.08,0.57,195.79,219.28,205.58,180.0,171.0
2023-12-31,Tessa,Béja,North,25.0,5.85,23.41,78.14,117.08,0.57,195.79,219.28,205.58,180.0,171.0
2023-12-31,Lillah,Béja,North,10.0,1.41,14.11,78.14,117.08,0.57,195.79,219.28,205.58,180.0,171.0
2023-12-31,Sidi Saad,Kairouan,Centre,154.0,23.84,15.48,78.14,117.08,0.57,195.79,219.28,205.58,180.0,171.0
2023-12-31,Nebhana,Kairouan,Centre,63.0,10.61,16.84,78.14,117.08,0.57,195.79,219.28,205.58,180.0,171.0
2023-12-31,Hajeb El Ayoun,Kairouan,Centre,32.0,4.92,15.37,78.14,117.08,0.57,195.79,219.28,205.58,180.0,171.0
2023-12-31,El Haareb,Kairouan,Centre,24.0,4.25,17.71,78.14,117.08,0.57,195.79,219.28,205.58,180.0,171.0
2023-12-31,Nailia,Sidi Bouzid,Centre,7.0,1.82,25.95,78.14,117.08,0.57,195.79,219.28,205.58,180.0,171.0
2023-12-31,Bir M'cherga,Zaghouan,Centre,40.0,4.94,12.36,78.14,117.08,0.57,195.79,219.28,205.58,180.0,171.0
2023-12-31,Lebna,Nabeul,Centre,22.0,4.07,18.51,78.14,117.08,0.57,195.79,219.28,205.58,180.0,171.0
2023-12-31,Siliana,Siliana,Centre,60.0,5.35,8.92,78.14,117.08,0.57,195.79,219.28,205.58,180.0,171.0
2023-12-31,Mellègue,Kef,Centre,197.0,53.74,27.28,78.14,117.08,0.57,195.79,219.28,205.58,180.0,171.0
2023-12-31,Sarrat,Kef,Centre,21.0,0.63,3.0,78.14,117.08,0.57,195.79,219.28,205.58,180.0,171.0
2023-12-31,El Aroussa,Siliana,Centre,8.0,2.53,31.61,78.14,117.08,0.57,195.79,219.28,205.58,180.0,171.0
2023-12-31,Bargou,Siliana,Centre,4.0,0.38,9.52,78.14,117.08,0.57,195.79,219.28,205.58,180.0,171.0
2023-12-31,Chiba,Nabeul,Cap Bon,6.0,0.18,3.0,78.14,117.08,0.57,195.79,219.28,205.58,180.0,171.0
2023-12-31,Wadi El Hajar,Nabeul,Cap Bon,2.0,0.23,11.54,78.14,117.08,0.57,195.79,219.28,205.58,180.0,171.0
2023-12-31,Masri,Nabeul,Cap Bon,5.5,0.16,3.0,78.14,117.08,0.57,195.79,219.28,205.58,180.0,171.0
2024-01-31,Sidi Salem,Béja,North,240.0,49.2,20.5,98.08,57.28,2.48,157.84,176.78,165.73,177.06,168.21
2024-01-31,Sejnane,Bizerte,North,135.0,4.05,3.0,98.08,57.28,2.48,157.84,176.78,165.73,177.06,168.21
2024-01-31,Sidi el Barrak,Béja,North,286.0,14.46,5.06,98.08,57.28,2.48,157.84,176.78,165.73,177.06,168.21
2024-01-31,Joumine,Bizerte,North,127.0,3.81,3.0,98.08,57.28,2.48,157.84,176.78,165.73,177.06,168.21
2024-01-31,Bouhertma,Jendouba,North,117.0,5.83,4.98,98.08,57.28,2.48,157.84,176.78,165.73,177.06,168.21
2024-01-31,Beni Mtir,Jendouba,North,61.0,1.83,3.0,98.08,57.28,2.48,157.84,176.78,165.73,177.06,168.21
2024-01-31,Kasseb,Béja,North,77.0,2.31,3.0,98.08,57.28,2.48,157.84,176.78,165.73,177.06,168.21
2024-01-31,Ghezala,Bizerte,North,5.5,1.07,19.54,98.08,57.28,2.48,157.84,176.78,165.73,177.06,168.21
2024-01-31,Rmel,Nabeul,North,3.0,0.6,19.84,98.08,57.28,2.48,157.84,176.78,165.73,177.06,168.21
2024-01-31,Ziatine,Bizerte,North,85.0,13.19,15.52,98.08,57.28,2.48,157.84,176.78,165.73,177.06,168.21
2024-01-31,Tessa,Béja,North,25.0,0.75,3.0,98.08,57.28,2.48,157.84,176.78,165.73,177.06,168.21
2024-01-31,Lillah,Béja,North,10.0,0.98,9.84,98.08,57.28,2.48,157.84,176.78,165.73,177.06,168.21
2024-01-31,Sidi Saad,Kairouan,Centre,154.0,15.97,10.37,98.08,57.28,2.48,157.84,176.78,165.73,177.06,168.21
2024-01-31,Nebhana,Kairouan,Centre,63.0,1.89,3.0,98.08,57.28,2.48,157.84,176.78,165.73,177.06,168.21
2024-01-31,Hajeb El Ayoun,Kairouan,Centre,32.0,9.1,28.45,98.08,57.28,2.48,157.84,176.78,165.73,177.06,168.21
2024-01-31,El Haareb,Kairouan,Centre,24.0,5.03,20.94,98.08,57.28,2.48,157.84,176.78,165.73,177.06,168.21
2024-01-31,Nailia,Sidi Bouzid,Centre,7.0,0.54,7.76,98.08,57.28,2.48,157.84,176.78,165.73,177.06,168.21
2024-01-31,Bir M'cherga,Zaghouan,Centre,40.0,4.29,10.73,98.08,57.28,2.48,157.84,176.78,165.73,177.06,168.21
2024-01-31,Lebna,Nabeul,Centre,22.0,2.84,12.91,98.08,57.28,2.48,157.84,176.78,165.73,177.06,168.21
2024-01-31,Siliana,Siliana,Centre,60.0,1.8,3.0,98.08,57.28,2.48,157.84,176.78,165.73,177.06,168.21
2024-01-31,Mellègue,Kef,Centre,197.0,14.67,7.45,98.08,57.28,2.48,157.84,176.78,165.73,177.06,168.21
2024-01-31,Sarrat,Kef,Centre,21.0,0.63,3.0,98.08,57.28,2.48,157.84,176.78,165.73,177.06,168.21
2024-01-31,El Aroussa,Siliana,Centre,8.0,0.24,3.0,98.08,57.28,2.48,157.84,176.78,165.73,177.06,168.21
2024-01-31,Bargou,Siliana,Centre,4.0,0.28,7.04,98.08,57.28,2.48,157.84,176.78,165.73,177.06,168.21
2024-01-31,Chiba,Nabeul,Cap Bon,6.0,1.92,31.98,98.08,57.28,2.48,157.84,176.78,165.73,177.06,168.21
2024-01-31,Wadi El Hajar,Nabeul,Cap Bon,2.0,0.36,18.1,98.08,57.28,2.48,157.84,176.78,165.73,177.06,168.21
2024-01-31,Masri,Nabeul,Cap Bon,5.5,0.2,3.56,98.08,57.28,2.48,157.84,176.78,165.73,177.06,168.21
2024-02-29,Sidi Salem,Béja,North,240.0,57.29,23.87,282.13,133.37,4.53,420.03,470.43,441.03,210.0,199.5
2024-02-29,Sejnane,Bizerte,North,135.0,45.62,33.79,282.13,133.37,4.53,420.03,470.43,441.03,210.0,199.5
2024-02-29,Sidi el Barrak,Béja,North,286.0,80.35,28.1,282.13,133.37,4.53,420.03,470.43,441.03,210.0,199.5
2024-02-29,Joumine,Bizerte,North,127.0,22.5,17.72,282.13,133.37,4.53,420.03,470.43,441.03,210.0,199.5
2024-02-29,Bouhertma,Jendouba,North,117.0,10.81,9.24,282.13,133.37,4.53,420.03,470.43,441.03,210.0,199.5
2024-02-29,Beni Mtir,Jendouba,North,61.0,15.48,25.38,282.13,133.37,4.53,420.03,470.43,441.03,210.0,199.5
2024-02-29,Kasseb,Béja,North,77.0,16.73,21.72,282.13,133.37,4.53,420.03,470.43,441.03,210.0,199.5
2024-02-29,Ghezala,Bizerte,North,5.5,1.53,27.74,282.13,133.37,4.53,420.03,470.43,441.03,210.0,199.5
2024-02-29,Rmel,Nabeul,North,3.0,0.74,24.62,282.13,133.37,4.53,420.03,470.43,441.03,210.0,199.5
2024-02-29,Ziatine,Bizerte,North,85.0,25.16,29.59,282.13,133.37,4.53,420.03,470.43,441.03,210.0,199.5
2024-02-29,Tessa,Béja,North,25.0,2.64,10.58,282.13,133.37,4.53,420.03,470.43,441.03,210.0,199.5
2024-02-29,Lillah,Béja,North,10.0,3.28,32.81,282.13,133.37,4.53,420.03,470.43,441.03,210.0,199.5
2024-02-29,Sidi Saad,Kairouan,Centre,154.0,29.83,19.37,282.13,133.37,4.53,420.03,470.43,441.03,210.0,199.5
2024-02-29,Nebhana,Kairouan,Centre,63.0,26.4,41.9,282.13,133.37,4.53,420.03,470.43,441.03,210.0,199.5
2024-02-29,Hajeb El Ayoun,Kairouan,Centre,32.0,2.79,8.73,282.13,133.37,4.53,420.03,470.43,441.03,210.0,199.5
2024-02-29,El Haareb,Kairouan,Centre,24.0,9.08,37.83,282.13,133.37,4.53,420.03,470.43,441.03,210.0,199.5
2024-02-29,Nailia,Sidi Bouzid,Centre,7.0,1.36,19.37,282.13,133.37,4.53,420.03,470.43,441.03,210.0,199.5
2024-02-29,Bir M'cherga,Zaghouan,Centre,40.0,3.67,9.18,282.13,133.37,4.53,420.03,470.43,441.03,210.0,199.5
2024-02-29,Lebna,Nabeul,Centre,22.0,2.46,11.19,282.13,133.37,4.53,420.03,470.43,441.03,210.0,199.5
2024-02-29,Siliana,Siliana,Centre,60.0,7.89,13.16,282.13,133.37,4.53,420.03,470.43,441.03,210.0,199.5
2024-02-29,Mellègue,Kef,Centre,197.0,43.52,22.09,282.13,133.37,4.53,420.03,470.43,441.03,210.0,199.5
2024-02-29,Sarrat,Kef,Centre,21.0,4.89,23.27,282.13,133.37,4.53,420.03,470.43,441.03,210.0,199.5
2024-02-29,El Aroussa,Siliana,Centre,8.0,0.81,10.12,282.13,133.37,4.53,420.03,470.43,441.03,210.0,199.5
2024-02-29,Bargou,Siliana,Centre,4.0,0.67,16.71,282.13,133.37,4.53,420.03,470.43,441.03,210.0,199.5
2024-02-29,Chiba,Nabeul,Cap Bon,6.0,2.56,42.71,282.13,133.37,4.53,420.03,470.43,441.03,210.0,199.5
2024-02-29,Wadi El Hajar,Nabeul,Cap Bon,2.0,0.75,37.73,282.13,133.37,4.53,420.03,470.43,441.03,210.0,199.5
2024-02-29,Masri,Nabeul,Cap Bon,5.5,1.22,22.24,282.13,133.37,4.53,420.03,470.43,441.03,210.0,199.5
2024-03-31,Sidi Salem,Béja,North,240.0,63.49,26.46,311.83,201.7,3.48,517.01,579.05,542.86,255.0,242.25
2024-03-31,Sejnane,Bizerte,North,135.0,37.04,27.44,311.83,201.7,3.48,517.01,579.05,542.86,255.0,242.25
2024-03-31,Sidi el Barrak,Béja,North,286.0,95.42,33.36,311.83,201.7,3.48,517.01,579.05,542.86,255.0,242.25
2024-03-31,Joumine,Bizerte,North,127.0,17.43,13.73,311.83,201.7,3.48,517.01,579.05,542.86,255.0,242.25
2024-03-31,Bouhertma,Jendouba,North,117.0,26.81,22.91,311.83,201.7,3.48,517.01,579.05,542.86,255.0,242.25
2024-03-31,Beni Mtir,Jendouba,North,61.0,3.65,5.98,311.83,201.7,3.48,517.01,579.05,542.86,255.0,242.25
2024-03-31,Kasseb,Béja,North,77.0,23.71,30.79,311.83,201.7,3.48,517.01,579.05,542.86,255.0,242.25
2024-03-31,Ghezala,Bizerte,North,5.5,1.86,33.77,311.83,201.7,3.48,517.01,579.05,542.86,255.0,242.25
2024-03-31,Rmel,Nabeul,North,3.0,0.61,20.2,311.83,201.7,3.48,517.01,579.05,542.86,255.0,242.25
2024-03-31,Ziatine,Bizerte,North,85.0,38.15,44.89,311.83,201.7,3.48,517.01,579.05,542.86,255.0,242.25
2024-03-31,Tessa,Béja,North,25.0,2.82,11.29,311.83,201.7,3.48,517.01,579.05,542.86,255.0,242.25
2024-03-31,Lillah,Béja,North,10.0,0.84,8.43,311.83,201.7,3.48,517.01,579.05,542.86,255.0,242.25
2024-03-31,Sidi Saad,Kairouan,Centre,154.0,44.19,28.69,311.83,201.7,3.48,517.01,579.05,542.86,255.0,242.25
2024-03-31,Nebhana,Kairouan,Centre,63.0,24.3,38.57,311.83,201.7,3.48,517.01,579.05,542.86,255.0,242.25
2024-03-31,Hajeb El Ayoun,Kairouan,Centre,32.0,14.79,46.21,311.83,201.7,3.48,517.01,579.05,542.86,255.0,242.25
2024-03-31,El Haareb,Kairouan,Centre,24.0,4.92,20.49,311.83,201.7,3.48,517.01,579.05,542.86,255.0,242.25
2024-03-31,Nailia,Sidi Bouzid,Centre,7.0,2.73,38.94,311.83,201.7,3.48,517.01,579.05,542.86,255.0,242.25
2024-03-31,Bir M'cherga,Zaghouan,Centre,40.0,10.22,25.54,311.83,201.7,3.48,517.01,579.05,542.86,255.0,242.25
2024-03-31,Lebna,Nabeul,Centre,22.0,5.26,23.93,311.83,201.7,3.48,517.01,579.05,542.86,255.0,242.25
2024-03-31,Siliana,Siliana,Centre,60.0,21.96,36.6,311.83,201.7,3.48,517.01,579.05,542.86,255.0,242.25
2024-03-31,Mellègue,Kef,Centre,197.0,66.64,33.83,311.83,201.7,3.48,517.01,579.05,542.86,255.0,242.25
2024-03-31,Sarrat,Kef,Centre,21.0,1.49,7.08,311.83,201.7,3.48,517.01,579.05,542.86,255.0,242.25
2024-03-31,El Aroussa,Siliana,Centre,8.0,3.5,43.72,311.83,201.7,3.48,517.01,579.05,542.86,255.0,242.25
2024-03-31,Bargou,Siliana,Centre,4.0,1.7,42.56,311.83,201.7,3.48,517.01,579.05,542.86,255.0,242.25
2024-03-31,Chiba,Nabeul,Cap Bon,6.0,1.11,18.49,311.83,201.7,3.48,517.01,579.05,542.86,255.0,242.25
2024-03-31,Wadi El Hajar,Nabeul,Cap Bon,2.0,0.61,30.75,311.83,201.7,3.48,517.01,579.05,542.86,255.0,242.25
2024-03-31,Masri,Nabeul,Cap Bon,5.5,1.76,31.93,311.83,201.7,3.48,517.01,579.05,542.86,255.0,242.25
2024-04-30,Sidi Salem,Béja,North,240.0,91.51,38.13,407.83,166.66,5.34,579.83,649.41,608.82,300.0,285.0
2024-04-30,Sejnane,Bizerte,North,135.0,38.34,28.4,407.83,166.66,5.34,579.83,649.41,608.82,300.0,285.0
2024-04-30,Sidi el Barrak,Béja,North,286.0,77.05,26.94,407.83,166.66,5.34,579.83,649.41,608.82,300.0,285.0
2024-04-30,Joumine,Bizerte,North,127.0,44.06,34.69,407.83,166.66,5.34,579.83,649.41,608.82,300.0,285.0
2024-04-30,Bouhertma,Jendouba,North,117.0,57.42,49.07,407.83,166.66,5.34,579.83,649.41,608.82,300.0,285.0
2024-04-30,Beni Mtir,Jendouba,North,61.0,25.33,41.52,407.83,166.66,5.34,579.83,649.41,608.82,300.0,285.0
2024-04-30,Kasseb,Béja,North,77.0,23.53,30.55,407.83,166.66,5.34,579.83,649.41,608.82,300.0,285.0
2024-04-30,Ghezala,Bizerte,North,5.5,2.43,44.26,407.83,166.66,5.34,579.83,649.41,608.82,300.0,285.0
2024-04-30,Rmel,Nabeul,North,3.0,0.09,3.0,407.83,166.66,5.34,579.83,649.41,608.82,300.0,285.0
2024-04-30,Ziatine,Bizerte,North,85.0,41.47,48.79,407.83,166.66,5.34,579.83,649.41,608.82,300.0,285.0
2024-04-30,Tessa,Béja,North,25.0,3.53,14.12,407.83,166.66,5.34,579.83,649.41,608.82,300.0,285.0
2024-04-30,Lillah,Béja,North,10.0,3.07,30.65,407.83,166.66,5.34,579.83,649.41,608.82,300.0,285.0
2024-04-30,Sidi Saad,Kairouan,Centre,154.0,33.21,21.56,407.83,166.66,5.34,579.83,649.41,608.82,300.0,285.0
2024-04-30,Nebhana,Kairouan,Centre,63.0,12.26,19.46,407.83,166.66,5.34,579.83,649.41,608.82,300.0,285.0
2024-04-30,Hajeb El Ayoun,Kairouan,Centre,32.0,15.66,48.93,407.83,166.66,5.34,579.83,649.41,608.82,300.0,285.0
2024-04-30,El Haareb,Kairouan,Centre,24.0,7.05,29.39,407.83,166.66,5.34,579.83,649.41,608.82,300.0,285.0
2024-04-30,Nailia,Sidi Bouzid,Centre,7.0,2.74,39.16,407.83,166.66,5.34,579.83,649.41,608.82,300.0,285.0
2024-04-30,Bir M'cherga,Zaghouan,Centre,40.0,13.77,34.44,407.83,166.66,5.34,579.83,649.41,608.82,300.0,285.0
2024-04-30,Lebna,Nabeul,Centre,22.0,8.96,40.72,407.83,166.66,5.34,579.83,649.41,608.82,300.0,285.0
2024-04-30,Siliana,Siliana,Centre,60.0,21.55,35.92,407.83,166.66,5.34,579.83,649.41,608.82,300.0,285.0
2024-04-30,Mellègue,Kef,Centre,197.0,38.62,19.6,407.83,166.66,5.34,579.83,649.41,608.82,300.0,285.0
2024-04-30,Sarrat,Kef,Centre,21.0,9.86,46.96,407.83,166.66,5.34,579.83,649.41,608.82,300.0,285.0
2024-04-30,El Aroussa,Siliana,Centre,8.0,2.33,29.07,407.83,166.66,5.34,579.83,649.41,608.82,300.0,285.0
2024-04-30,Bargou,Siliana,Centre,4.0,0.65,16.32,407.83,166.66,5.34,579.83,649.41,608.82,300.0,285.0
2024-04-30,Chiba,Nabeul,Cap Bon,6.0,1.79,29.86,407.83,166.66,5.34,579.83,649.41,608.82,300.0,285.0
2024-04-30,Wadi El Hajar,Nabeul,Cap Bon,2.0,1.06,53.01,407.83,166.66,5.34,579.83,649.41,608.82,300.0,285.0
2024-04-30,Masri,Nabeul,Cap Bon,5.5,2.49,45.2,407.83,166.66,5.34,579.83,649.41,608.82,300.0,285.0
2024-05-31,Sidi Salem,Béja,North,240.0,89.77,37.4,507.94,292.88,6.56,807.38,904.27,847.75,332.94,316.29
2024-05-31,Sejnane,Bizerte,North,135.0,50.49,37.4,507.94,292.88,6.56,807.38,904.27,847.75,332.94,316.29
2024-05-31,Sidi el Barrak,Béja,North,286.0,107.9,37.73,507.94,292.88,6.56,807.38,904.27,847.75,332.94,316.29
2024-05-31,Joumine,Bizerte,North,127.0,84.47,66.51,507.94,292.88,6.56,807.38,904.27,847.75,332.94,316.29
2024-05-31,Bouhertma,Jendouba,North,117.0,54.02,46.17,507.94,292.88,6.56,807.38,904.27,847.75,332.94,316.29
2024-05-31,Beni Mtir,Jendouba,North,61.0,28.52,46.75,507.94,292.88,6.56,807.38,904.27,847.75,332.94,316.29
2024-05-31,Kasseb,Béja,North,77.0,41.54,53.95,507.94,292.88,6.56,807.38,904.27,847.75,332.94,316.29
2024-05-31,Ghezala,Bizerte,North,5.5,2.44,44.45,507.94,292.88,6.56,807.38,904.27,847.75,332.94,316.29
2024-05-31,Rmel,Nabeul,North,3.0,1.15,38.48,507.94,292.88,6.56,807.38,904.27,847.75,332.94,316.29
2024-05-31,Ziatine,Bizerte,North,85.0,33.35,39.23,507.94,292.88,6.56,807.38,904.27,847.75,332.94,316.29
2024-05-31,Tessa,Béja,North,25.0,10.18,40.73,507.94,292.88,6.56,807.38,904.27,847.75,332.94,316.29
2024-05-31,Lillah,Béja,North,10.0,4.11,41.14,507.94,292.88,6.56,807.38,904.27,847.75,332.94,316.29
2024-05-31,Sidi Saad,Kairouan,Centre,154.0,77.49,50.32,507.94,292.88,6.56,807.38,904.27,847.75,332.94,316.29
2024-05-31,Nebhana,Kairouan,Centre,63.0,26.59,42.21,507.94,292.88,6.56,807.38,904.27,847.75,332.94,316.29
2024-05-31,Hajeb El Ayoun,Kairouan,Centre,32.0,16.12,50.38,507.94,292.88,6.56,807.38,904.27,847.75,332.94,316.29
2024-05-31,El Haareb,Kairouan,Centre,24.0,9.75,40.62,507.94,292.88,6.56,807.38,904.27,847.75,332.94,316.29
2024-05-31,Nailia,Sidi Bouzid,Centre,7.0,2.98,42.53,507.94,292.88,6.56,807.38,904.27,847.75,332.94,316.29
2024-05-31,Bir M'cherga,Zaghouan,Centre,40.0,7.04,17.61,507.94,292.88,6.56,807.38,904.27,847.75,332.94,316.29
2024-05-31,Lebna,Nabeul,Centre,22.0,11.57,52.58,507.94,292.88,6.56,807.38,904.27,847.75,332.94,316.29
2024-05-31,Siliana,Siliana,Centre,60.0,27.45,45.75,507.94,292.88,6.56,807.38,904.27,847.75,332.94,316.29
2024-05-31,Mellègue,Kef,Centre,197.0,105.52,53.56,507.94,292.88,6.56,807.38,904.27,847.75,332.94,316.29
2024-05-31,Sarrat,Kef,Centre,21.0,1.44,6.83,507.94,292.88,6.56,807.38,904.27,847.75,332.94,316.29
2024-05-31,El Aroussa,Siliana,Centre,8.0,5.33,66.65,507.94,292.88,6.56,807.38,904.27,847.75,332.94,316.29
2024-05-31,Bargou,Siliana,Centre,4.0,1.6,39.91,507.94,292.88,6.56,807.38,904.27,847.75,332.94,316.29
2024-05-31,Chiba,Nabeul,Cap Bon,6.0,3.29,54.89,507.94,292.88,6.56,807.38,904.27,847.75,332.94,316.29
2024-05-31,Wadi El Hajar,Nabeul,Cap Bon,2.0,0.58,29.11,507.94,292.88,6.56,807.38,904.27,847.75,332.94,316.29
2024-05-31,Masri,Nabeul,Cap Bon,5.5,2.69,48.94,507.94,292.88,6.56,807.38,904.27,847.75,332.94,316.29
2024-06-30,Sidi Salem,Béja,North,240.0,75.26,31.36,576.6,300.77,6.93,884.3,990.42,928.52,345.0,327.75
2024-06-30,Sejnane,Bizerte,North,135.0,49.29,36.51,576.6,300.77,6.93,884.3,990.42,928.52,345.0,327.75
2024-06-30,Sidi el Barrak,Béja,North,286.0,191.53,66.97,576.6,300.77,6.93,884.3,990.42,928.52,345.0,327.75
2024-06-30,Joumine,Bizerte,North,127.0,52.97,41.71,576.6,300.77,6.93,884.3,990.42,928.52,345.0,327.75
2024-06-30,Bouhertma,Jendouba,North,117.0,54.53,46.61,576.6,300.77,6.93,884.3,990.42,928.52,345.0,327.75
2024-06-30,Beni Mtir,Jendouba,North,61.0,33.21,54.44,576.6,300.77,6.93,884.3,990.42,928.52,345.0,327.75
2024-06-30,Kasseb,Béja,North,77.0,38.46,49.95,576.6,300.77,6.93,884.3,990.42,928.52,345.0,327.75
2024-06-30,Ghezala,Bizerte,North,5.5,2.52,45.81,576.6,300.77,6.93,884.3,990.42,928.52,345.0,327.75
2024-06-30,Rmel,Nabeul,North,3.0,1.45,48.38,576.6,300.77,6.93,884.3,990.42,928.52,345.0,327.75
2024-06-30,Ziatine,Bizerte,North,85.0,61.91,72.84,576.6,300.77,6.93,884.3,990.42,928.52,345.0,327.75
2024-06-30,Tessa,Béja,North,25.0,10.83,43.31,576.6,300.77,6.93,884.3,990.42,928.52,345.0,327.75
2024-06-30,Lillah,Béja,North,10.0,4.64,46.41,576.6,300.77,6.93,884.3,990.42,928.52,345.0,327.75
2024-06-30,Sidi Saad,Kairouan,Centre,154.0,87.18,56.61,576.6,300.77,6.93,884.3,990.42,928.52,345.0,327.75
2024-06-30,Nebhana,Kairouan,Centre,63.0,36.08,57.27,576.6,300.77,6.93,884.3,990.42,928.52,345.0,327.75
2024-06-30,Hajeb El Ayoun,Kairouan,Centre,32.0,18.64,58.24,576.6,300.77,6.93,884.3,990.42,928.52,345.0,327.75
2024-06-30,El Haareb,Kairouan,Centre,24.0,12.4,51.66,576.6,300.77,6.93,884.3,990.42,928.52,345.0,327.75
2024-06-30,Nailia,Sidi Bouzid,Centre,7.0,2.12,30.28,576.6,300.77,6.93,884.3,990.42,928.52,345.0,327.75
2024-06-30,Bir M'cherga,Zaghouan,Centre,40.0,25.44,63.6,576.6,300.77,6.93,884.3,990.42,928.52,345.0,327.75
2024-06-30,Lebna,Nabeul,Centre,22.0,6.65,30.24,576.6,300.77,6.93,884.3,990.42,928.52,345.0,327.75
2024-06-30,Siliana,Siliana,Centre,60.0,28.58,47.63,576.6,300.77,6.93,884.3,990.42,928.52,345.0,327.75
2024-06-30,Mellègue,Kef,Centre,197.0,68.85,34.95,576.6,300.77,6.93,884.3,990.42,928.52,345.0,327.75
2024-06-30,Sarrat,Kef,Centre,21.0,9.08,43.23,576.6,300.77,6.93,884.3,990.42,928.52,345.0,327.75
2024-06-30,El Aroussa,Siliana,Centre,8.0,3.84,47.95,576.6,300.77,6.93,884.3,990.42,928.52,345.0,327.75
2024-06-30,Bargou,Siliana,Centre,4.0,1.91,47.86,576.6,300.77,6.93,884.3,990.42,928.52,345.0,327.75
2024-06-30,Chiba,Nabeul,Cap Bon,6.0,2.94,49.06,576.6,300.77,6.93,884.3,990.42,928.52,345.0,327.75
2024-06-30,Wadi El Hajar,Nabeul,Cap Bon,2.0,1.27,63.36,576.6,300.77,6.93,884.3,990.42,928.52,345.0,327.75
2024-06-30,Masri,Nabeul,Cap Bon,5.5,2.72,49.44,576.6,300.77,6.93,884.3,990.42,928.52,345.0,327.75
2024-07-31,Sidi Salem,Béja,North,240.0,92.78,38.66,530.32,254.78,4.59,789.69,884.45,829.17,332.94,316.29
2024-07-31,Sejnane,Bizerte,North,135.0,71.76,53.16,530.32,254.78,4.59,789.69,884.45,829.17,332.94,316.29
2024-07-31,Sidi el Barrak,Béja,North,286.0,159.77,55.86,530.32,254.78,4.59,789.69,884.45,829.17,332.94,316.29
2024-07-31,Joumine,Bizerte,North,127.0,34.11,26.86,530.32,254.78,4.59,789.69,884.45,829.17,332.94,316.29
2024-07-31,Bouhertma,Jendouba,North,117.0,57.05,48.76,530.32,254.78,4.59,789.69,884.45,829.17,332.94,316.29
2024-07-31,Beni Mtir,Jendouba,North,61.0,30.5,50.0,530.32,254.78,4.59,789.69,884.45,829.17,332.94,316.29
2024-07-31,Kasseb,Béja,North,77.0,29.27,38.02,530.32,254.78,4.59,789.69,884.45,829.17,332.94,316.29
2024-07-31,Ghezala,Bizerte,North,5.5,3.2,58.1,530.32,254.78,4.59,789.69,884.45,829.17,332.94,316.29
2024-07-31,Rmel,Nabeul,North,3.0,1.19,39.79,530.32,254.78,4.59,789.69,884.45,829.17,332.94,316.29
2024-07-31,Ziatine,Bizerte,North,85.0,36.63,43.1,530.32,254.78,4.59,789.69,884.45,829.17,332.94,316.29
2024-07-31,Tessa,Béja,North,25.0,9.88,39.51,530.32,254.78,4.59,789.69,884.45,829.17,332.94,316.29
2024-07-31,Lillah,Béja,North,10.0,4.18,41.78,530.32,254.78,4.59,789.69,884.45,829.17,332.94,316.29
2024-07-31,Sidi Saad,Kairouan,Centre,154.0,43.79,28.43,530.32,254.78,4.59,789.69,884.45,829.17,332.94,316.29
2024-07-31,Nebhana,Kairouan,Centre,63.0,15.31,24.31,530.32,254.78,4.59,789.69,884.45,829.17,332.94,316.29
2024-07-31,Hajeb El Ayoun,Kairouan,Centre,32.0,19.43,60.72,530.32,254.78,4.59,789.69,884.45,829.17,332.94,316.29
2024-07-31,El Haareb,Kairouan,Centre,24.0,7.54,31.42,530.32,254.78,4.59,789.69,884.45,829.17,332.94,316.29
2024-07-31,Nailia,Sidi Bouzid,Centre,7.0,2.08,29.69,530.32,254.78,4.59,789.69,884.45,829.17,332.94,316.29
2024-07-31,Bir M'cherga,Zaghouan,Centre,40.0,6.3,15.75,530.32,254.78,4.59,789.69,884.45,829.17,332.94,316.29
2024-07-31,Lebna,Nabeul,Centre,22.0,7.46,33.92,530.32,254.78,4.59,789.69,884.45,829.17,332.94,316.29
2024-07-31,Siliana,Siliana,Centre,60.0,15.43,25.71,530.32,254.78,4.59,789.69,884.45,829.17,332.94,316.29
2024-07-31,Mellègue,Kef,Centre,197.0,120.75,61.29,530.32,254.78,4.59,789.69,884.45,829.17,332.94,316.29
2024-07-31,Sarrat,Kef,Centre,21.0,11.28,53.71,530.32,254.78,4.59,789.69,884.45,829.17,332.94,316.29
2024-07-31,El Aroussa,Siliana,Centre,8.0,2.67,33.33,530.32,254.78,4.59,789.69,884.45,829.17,332.94,316.29
2024-07-31,Bargou,Siliana,Centre,4.0,2.74,68.62,530.32,254.78,4.59,789.69,884.45,829.17,332.94,316.29
2024-07-31,Chiba,Nabeul,Cap Bon,6.0,3.2,53.37,530.32,254.78,4.59,789.69,884.45,829.17,332.94,316.29
2024-07-31,Wadi El Hajar,Nabeul,Cap Bon,2.0,0.75,37.69,530.32,254.78,4.59,789.69,884.45,829.17,332.94,316.29
2024-07-31,Masri,Nabeul,Cap Bon,5.5,0.64,11.6,530.32,254.78,4.59,789.69,884.45,829.17,332.94,316.29
2024-08-31,Sidi Salem,Béja,North,240.0,149.98,62.49,471.61,235.17,5.02,711.8,797.22,747.39,300.0,285.0
2024-08-31,Sejnane,Bizerte,North,135.0,24.74,18.33,471.61,235.17,5.02,711.8,797.22,747.39,300.0,285.0
2024-08-31,Sidi el Barrak,Béja,North,286.0,43.63,15.26,471.61,235.17,5.02,711.8,797.22,747.39,300.0,285.0
2024-08-31,Joumine,Bizerte,North,127.0,60.03,47.27,471.61,235.17,5.02,711.8,797.22,747.39,300.0,285.0
2024-08-31,Bouhertma,Jendouba,North,117.0,75.2,64.28,471.61,235.17,5.02,711.8,797.22,747.39,300.0,285.0
2024-08-31,Beni Mtir,Jendouba,North,61.0,31.48,51.61,471.61,235.17,5.02,711.8,797.22,747.39,300.0,285.0
2024-08-31,Kasseb,Béja,North,77.0,32.16,41.77,471.61,235.17,5.02,711.8,797.22,747.39,300.0,285.0
2024-08-31,Ghezala,Bizerte,North,5.5,2.32,42.14,471.61,235.17,5.02,711.8,797.22,747.39,300.0,285.0
2024-08-31,Rmel,Nabeul,North,3.0,1.36,45.24,471.61,235.17,5.02,711.8,797.22,747.39,300.0,285.0
2024-08-31,Ziatine,Bizerte,North,85.0,37.49,44.11,471.61,235.17,5.02,711.8,797.22,747.39,300.0,285.0
2024-08-31,Tessa,Béja,North,25.0,9.59,38.37,471.61,235.17,5.02,711.8,797.22,747.39,300.0,285.0
2024-08-31,Lillah,Béja,North,10.0,3.63,36.25,471.61,235.17,5.02,711.8,797.22,747.39,300.0,285.0
2024-08-31,Sidi Saad,Kairouan,Centre,154.0,52.74,34.25,471.61,235.17,5.02,711.8,797.22,747.39,300.0,285.0
2024-08-31,Nebhana,Kairouan,Centre,63.0,16.35,25.95,471.61,235.17,5.02,711.8,797.22,747.39,300.0,285.0
2024-08-31,Hajeb El Ayoun,Kairouan,Centre,32.0,10.12,31.63,471.61,235.17,5.02,711.8,797.22,747.39,300.0,285.0
2024-08-31,El Haareb,Kairouan,Centre,24.0,3.52,14.68,471.61,235.17,5.02,711.8,797.22,747.39,300.0,285.0
2024-08-31,Nailia,Sidi Bouzid,Centre,7.0,2.37,33.82,471.61,235.17,5.02,711.8,797.22,747.39,300.0,285.0
2024-08-31,Bir M'cherga,Zaghouan,Centre,40.0,9.25,23.14,471.61,235.17,5.02,711.8,797.22,747.39,300.0,285.0
2024-08-31,Lebna,Nabeul,Centre,22.0,4.79,21.76,471.61,235.17,5.02,711.8,797.22,747.39,300.0,285.0
2024-08-31,Siliana,Siliana,Centre,60.0,22.3,37.16,471.61,235.17,5.02,711.8,797.22,747.39,300.0,285.0
2024-08-31,Mellègue,Kef,Centre,197.0,101.86,51.7,471.61,235.17,5.02,711.8,797.22,747.39,300.0,285.0
2024-08-31,Sarrat,Kef,Centre,21.0,9.66,46.02,471.61,235.17,5.02,711.8,797.22,747.39,300.0,285.0
2024-08-31,El Aroussa,Siliana,Centre,8.0,1.29,16.15,471.61,235.17,5.02,711.8,797.22,747.39,300.0,285.0
2024-08-31,Bargou,Siliana,Centre,4.0,0.92,23.12,471.61,235.17,5.02,711.8,797.22,747.39,300.0,285.0
2024-08-31,Chiba,Nabeul,Cap Bon,6.0,2.78,46.29,471.61,235.17,5.02,711.8,797.22,747.39,300.0,285.0
2024-08-31,Wadi El Hajar,Nabeul,Cap Bon,2.0,0.46,23.21,471.61,235.17,5.02,711.8,797.22,747.39,300.0,285.0
2024-08-31,Masri,Nabeul,Cap Bon,5.5,1.78,32.3,471.61,235.17,5.02,711.8,797.22,747.39,300.0,285.0
2024-09-30,Sidi Salem,Béja,North,240.0,78.24,32.6,275.44,128.75,3.01,407.2,456.06,427.56,255.0,242.25
2024-09-30,Sejnane,Bizerte,North,135.0,19.41,14.38,275.44,128.75,3.01,407.2,456.06,427.56,255.0,242.25
2024-09-30,Sidi el Barrak,Béja,North,286.0,77.98,27.26,275.44,128.75,3.01,407.2,456.06,427.56,255.0,242.25
2024-09-30,Joumine,Bizerte,North,127.0,12.69,9.99,275.44,128.75,3.01,407.2,456.06,427.56,255.0,242.25
2024-09-30,Bouhertma,Jendouba,North,117.0,21.98,18.78,275.44,128.75,3.01,407.2,456.06,427.56,255.0,242.25
2024-09-30,Beni Mtir,Jendouba,North,61.0,18.2,29.84,275.44,128.75,3.01,407.2,456.06,427.56,255.0,242.25
2024-09-30,Kasseb,Béja,North,77.0,5.3,6.88,275.44,128.75,3.01,407.2,456.06,427.56,255.0,242.25
2024-09-30,Ghezala,Bizerte,North,5.5,1.72,31.29,275.44,128.75,3.01,407.2,456.06,427.56,255.0,242.25
2024-09-30,Rmel,Nabeul,North,3.0,0.77,25.76,275.44,128.75,3.01,407.2,456.06,427.56,255.0,242.25
2024-09-30,Ziatine,Bizerte,North,85.0,27.74,32.63,275.44,128.75,3.01,407.2,456.06,427.56,255.0,242.25
2024-09-30,Tessa,Béja,North,25.0,7.17,28.69,275.44,128.75,3.01,407.2,456.06,427.56,255.0,242.25
2024-09-30,Lillah,Béja,North,10.0,4.24,42.37,275.44,128.75,3.01,407.2,456.06,427.56,255.0,242.25
2024-09-30,Sidi Saad,Kairouan,Centre,154.0,42.35,27.5,275.44,128.75,3.01,407.2,456.06,427.56,255.0,242.25
2024-09-30,Nebhana,Kairouan,Centre,63.0,13.13,20.85,275.44,128.75,3.01,407.2,456.06,427.56,255.0,242.25
2024-09-30,Hajeb El Ayoun,Kairouan,Centre,32.0,8.79,27.47,275.44,128.75,3.01,407.2,456.06,427.56,255.0,242.25
2024-09-30,El Haareb,Kairouan,Centre,24.0,7.8,32.52,275.44,128.75,3.01,407.2,456.06,427.56,255.0,242.25
2024-09-30,Nailia,Sidi Bouzid,Centre,7.0,1.86,26.59,275.44,128.75,3.01,407.2,456.06,427.56,255.0,242.25
2024-09-30,Bir M'cherga,Zaghouan,Centre,40.0,10.59,26.49,275.44,128.75,3.01,407.2,456.06,427.56,255.0,242.25
2024-09-30,Lebna,Nabeul,Centre,22.0,3.87,17.58,275.44,128.75,3.01,407.2,456.06,427.56,255.0,242.25
2024-09-30,Siliana,Siliana,Centre,60.0,10.83,18.05,275.44,128.75,3.01,407.2,456.06,427.56,255.0,242.25
2024-09-30,Mellègue,Kef,Centre,197.0,18.06,9.17,275.44,128.75,3.01,407.2,456.06,427.56,255.0,242.25
2024-09-30,Sarrat,Kef,Centre,21.0,9.87,46.99,275.44,128.75,3.01,407.2,456.06,427.56,255.0,242.25
2024-09-30,El Aroussa,Siliana,Centre,8.0,0.89,11.07,275.44,128.75,3.01,407.2,456.06,427.56,255.0,242.25
2024-09-30,Bargou,Siliana,Centre,4.0,0.71,17.69,275.44,128.75,3.01,407.2,456.06,427.56,255.0,242.25
2024-09-30,Chiba,Nabeul,Cap Bon,6.0,1.04,17.38,275.44,128.75,3.01,407.2,456.06,427.56,255.0,242.25
2024-09-30,Wadi El Hajar,Nabeul,Cap Bon,2.0,0.73,36.74,275.44,128.75,3.01,407.2,456.06,427.56,255.0,242.25
2024-09-30,Masri,Nabeul,Cap Bon,5.5,1.24,22.46,275.44,128.75,3.01,407.2,456.06,427.56,255.0,242.25
2024-10-31,Sidi Salem,Béja,North,240.0,76.73,31.97,243.8,161.23,3.24,408.27,457.26,428.68,210.0,199.5
2024-10-31,Sejnane,Bizerte,North,135.0,12.04,8.92,243.8,161.23,3.24,408.27,457.26,428.68,210.0,199.5
2024-10-31,Sidi el Barrak,Béja,North,286.0,58.2,20.35,243.8,161.23,3.24,408.27,457.26,428.68,210.0,199.5
2024-10-31,Joumine,Bizerte,North,127.0,8.86,6.98,243.8,161.23,3.24,408.27,457.26,428.68,210.0,199.5
2024-10-31,Bouhertma,Jendouba,North,117.0,50.01,42.74,243.8,161.23,3.24,408.27,457.26,428.68,210.0,199.5
2024-10-31,Beni Mtir,Jendouba,North,61.0,1.83,3.0,243.8,161.23,3.24,408.27,457.26,428.68,210.0,199.5
2024-10-31,Kasseb,Béja,North,77.0,15.95,20.72,243.8,161.23,3.24,408.27,457.26,428.68,210.0,199.5
2024-10-31,Ghezala,Bizerte,North,5.5,1.35,24.61,243.8,161.23,3.24,408.27,457.26,428.68,210.0,199.5
2024-10-31,Rmel,Nabeul,North,3.0,0.66,21.97,243.8,161.23,3.24,408.27,457.26,428.68,210.0,199.5
2024-10-31,Ziatine,Bizerte,North,85.0,12.56,14.78,243.8,161.23,3.24,408.27,457.26,428.68,210.0,199.5
2024-10-31,Tessa,Béja,North,25.0,3.86,15.44,243.8,161.23,3.24,408.27,457.26,428.68,210.0,199.5
2024-10-31,Lillah,Béja,North,10.0,1.75,17.53,243.8,161.23,3.24,408.27,457.26,428.68,210.0,199.5
2024-10-31,Sidi Saad,Kairouan,Centre,154.0,23.46,15.24,243.8,161.23,3.24,408.27,457.26,428.68,210.0,199.5
2024-10-31,Nebhana,Kairouan,Centre,63.0,18.0,28.57,243.8,161.23,3.24,408.27,457.26,428.68,210.0,199.5
2024-10-31,Hajeb El Ayoun,Kairouan,Centre,32.0,13.93,43.53,243.8,161.23,3.24,408.27,457.26,428.68,210.0,199.5
2024-10-31,El Haareb,Kairouan,Centre,24.0,2.47,10.31,243.8,161.23,3.24,408.27,457.26,428.68,210.0,199.5
2024-10-31,Nailia,Sidi Bouzid,Centre,7.0,0.21,3.0,243.8,161.23,3.24,408.27,457.26,428.68,210.0,199.5
2024-10-31,Bir M'cherga,Zaghouan,Centre,40.0,6.38,15.94,243.8,161.23,3.24,408.27,457.26,428.68,210.0,199.5
2024-10-31,Lebna,Nabeul,Centre,22.0,10.55,47.96,243.8,161.23,3.24,408.27,457.26,428.68,210.0,199.5
2024-10-31,Siliana,Siliana,Centre,60.0,4.41,7.36,243.8,161.23,3.24,408.27,457.26,428.68,210.0,199.5
2024-10-31,Mellègue,Kef,Centre,197.0,72.24,36.67,243.8,161.23,3.24,408.27,457.26,428.68,210.0,199.5
2024-10-31,Sarrat,Kef,Centre,21.0,7.8,37.13,243.8,161.23,3.24,408.27,457.26,428.68,210.0,199.5
2024-10-31,El Aroussa,Siliana,Centre,8.0,0.83,10.36,243.8,161.23,3.24,408.27,457.26,428.68,210.0,199.5
2024-10-31,Bargou,Siliana,Centre,4.0,0.95,23.83,243.8,161.23,3.24,408.27,457.26,428.68,210.0,199.5
2024-10-31,Chiba,Nabeul,Cap Bon,6.0,2.19,36.54,243.8,161.23,3.24,408.27,457.26,428.68,210.0,199.5
2024-10-31,Wadi El Hajar,Nabeul,Cap Bon,2.0,0.25,12.45,243.8,161.23,3.24,408.27,457.26,428.68,210.0,199.5
2024-10-31,Masri,Nabeul,Cap Bon,5.5,0.8,14.56,243.8,161.23,3.24,408.27,457.26,428.68,210.0,199.5
2024-11-30,Sidi Salem,Béja,North,240.0,8.24,3.43,69.53,103.73,0.76,174.02,194.9,182.72,177.06,168.21
2024-11-30,Sejnane,Bizerte,North,135.0,4.05,3.0,69.53,103.73,0.76,174.02,194.9,182.72,177.06,168.21
2024-11-30,Sidi el Barrak,Béja,North,286.0,8.58,3.0,69.53,103.73,0.76,174.02,194.9,182.72,177.06,168.21
2024-11-30,Joumine,Bizerte,North,127.0,3.81,3.0,69.53,103.73,0.76,174.02,194.9,182.72,177.06,168.21
2024-11-30,Bouhertma,Jendouba,North,117.0,12.66,10.82,69.53,103.73,0.76,174.02,194.9,182.72,177.06,168.21
2024-11-30,Beni Mtir,Jendouba,North,61.0,1.83,3.0,69.53,103.73,0.76,174.02,194.9,182.72,177.06,168.21
2024-11-30,Kasseb,Béja,North,77.0,10.18,13.22,69.53,103.73,0.76,174.02,194.9,182.72,177.06,168.21
2024-11-30,Ghezala,Bizerte,North,5.5,0.16,3.0,69.53,103.73,0.76,174.02,194.9,182.72,177.06,168.21
2024-11-30,Rmel,Nabeul,North,3.0,0.43,14.38,69.53,103.73,0.76,174.02,194.9,182.72,177.06,168.21
2024-11-30,Ziatine,Bizerte,North,85.0,17.35,20.41,69.53,103.73,0.76,174.02,194.9,182.72,177.06,168.21
2024-11-30,Tessa,Béja,North,25.0,0.75,3.0,69.53,103.73,0.76,174.02,194.9,182.72,177.06,168.21
2024-11-30,Lillah,Béja,North,10.0,1.49,14.9,69.53,103.73,0.76,174.02,194.9,182.72,177.06,168.21
2024-11-30,Sidi Saad,Kairouan,Centre,154.0,38.72,25.14,69.53,103.73,0.76,174.02,194.9,182.72,177.06,168.21
2024-11-30,Nebhana,Kairouan,Centre,63.0,1.89,3.0,69.53,103.73,0.76,174.02,194.9,182.72,177.06,168.21
2024-11-30,Hajeb El Ayoun,Kairouan,Centre,32.0,9.75,30.48,69.53,103.73,0.76,174.02,194.9,182.72,177.06,168.21
2024-11-30,El Haareb,Kairouan,Centre,24.0,3.71,15.44,69.53,103.73,0.76,174.02,194.9,182.72,177.06,168.21
2024-11-30,Nailia,Sidi Bouzid,Centre,7.0,0.21,3.0,69.53,103.73,0.76,174.02,194.9,182.72,177.06,168.21
2024-11-30,Bir M'cherga,Zaghouan,Centre,40.0,3.9,9.74,69.53,103.73,0.76,174.02,194.9,182.72,177.06,168.21
2024-11-30,Lebna,Nabeul,Centre,22.0,3.76,17.11,69.53,103.73,0.76,174.02,194.9,182.72,177.06,168.21
2024-11-30,Siliana,Siliana,Centre,60.0,6.79,11.32,69.53,103.73,0.76,174.02,194.9,182.72,177.06,168.21
2024-11-30,Mellègue,Kef,Centre,197.0,33.25,16.88,69.53,103.73,0.76,174.02,194.9,182.72,177.06,168.21
2024-11-30,Sarrat,Kef,Centre,21.0,0.63,3.0,69.53,103.73,0.76,174.02,194.9,182.72,177.06,168.21
2024-11-30,El Aroussa,Siliana,Centre,8.0,1.0,12.44,69.53,103.73,0.76,174.02,194.9,182.72,177.06,168.21
2024-11-30,Bargou,Siliana,Centre,4.0,0.12,3.0,69.53,103.73,0.76,174.02,194.9,182.72,177.06,168.21
2024-11-30,Chiba,Nabeul,Cap Bon,6.0,0.54,9.08,69.53,103.73,0.76,174.02,194.9,182.72,177.06,168.21
2024-11-30,Wadi El Hajar,Nabeul,Cap Bon,2.0,0.06,3.0,69.53,103.73,0.76,174.02,194.9,182.72,177.06,168.21
2024-11-30,Masri,Nabeul,Cap Bon,5.5,0.16,3.0,69.53,103.73,0.76,174.02,194.9,182.72,177.06,168.21
2024-12-31,Sidi Salem,Béja,North,240.0,59.6,24.83,191.06,51.15,1.9,244.11,273.4,256.32,165.0,156.75
2024-12-31,Sejnane,Bizerte,North,135.0,31.18,23.1,191.06,51.15,1.9,244.11,273.4,256.32,165.0,156.75
2024-12-31,Sidi el Barrak,Béja,North,286.0,49.51,17.31,191.06,51.15,1.9,244.11,273.4,256.32,165.0,156.75
2024-12-31,Joumine,Bizerte,North,127.0,3.81,3.0,191.06,51.15,1.9,244.11,273.4,256.32,165.0,156.75
2024-12-31,Bouhertma,Jendouba,North,117.0,7.26,6.2,191.06,51.15,1.9,244.11,273.4,256.32,165.0,156.75
2024-12-31,Beni Mtir,Jendouba,North,61.0,14.98,24.56,191.06,51.15,1.9,244.11,273.4,256.32,165.0,156.75
2024-12-31,Kasseb,Béja,North,77.0,9.01,11.7,191.06,51.15,1.9,244.11,273.4,256.32,165.0,156.75
2024-12-31,Ghezala,Bizerte,North,5.5,2.08,37.83,191.06,51.15,1.9,244.11,273.4,256.32,165.0,156.75
2024-12-31,Rmel,Nabeul,North,3.0,0.44,14.72,191.06,51.15,1.9,244.11,273.4,256.32,165.0,156.75
2024-12-31,Ziatine,Bizerte,North,85.0,10.46,12.3,191.06,51.15,1.9,244.11,273.4,256.32,165.0,156.75
2024-12-31,Tessa,Béja,North,25.0,1.57,6.29,191.06,51.15,1.9,244.11,273.4,256.32,165.0,156.75
2024-12-31,Lillah,Béja,North,10.0,1.16,11.6,191.06,51.15,1.9,244.11,273.4,256.32,165.0,156.75
2024-12-31,Sidi Saad,Kairouan,Centre,154.0,12.58,8.17,191.06,51.15,1.9,244.11,273.4,256.32,165.0,156.75
2024-12-31,Nebhana,Kairouan,Centre,63.0,11.65,18.5,191.06,51.15,1.9,244.11,273.4,256.32,165.0,156.75
2024-12-31,Hajeb El Ayoun,Kairouan,Centre,32.0,6.87,21.48,191.06,51.15,1.9,244.11,273.4,256.32,165.0,156.75
2024-12-31,El Haareb,Kairouan,Centre,24.0,0.72,3.0,191.06,51.15,1.9,244.11,273.4,256.32,165.0,156.75
2024-12-31,Nailia,Sidi Bouzid,Centre,7.0,0.21,3.0,191.06,51.15,1.9,244.11,273.4,256.32,165.0,156.75
2024-12-31,Bir M'cherga,Zaghouan,Centre,40.0,1.2,3.0,191.06,51.15,1.9,244.11,273.4,256.32,165.0,156.75
2024-12-31,Lebna,Nabeul,Centre,22.0,3.54,16.1,191.06,51.15,1.9,244.11,273.4,256.32,165.0,156.75
2024-12-31,Siliana,Siliana,Centre,60.0,1.8,3.0,191.06,51.15,1.9,244.11,273.4,256.32,165.0,156.75
2024-12-31,Mellègue,Kef,Centre,197.0,5.91,3.0,191.06,51.15,1.9,244.11,273.4,256.32,165.0,156.75
2024-12-31,Sarrat,Kef,Centre,21.0,3.08,14.66,191.06,51.15,1.9,244.11,273.4,256.32,165.0,156.75
2024-12-31,El Aroussa,Siliana,Centre,8.0,3.19,39.92,191.06,51.15,1.9,244.11,273.4,256.32,165.0,156.75
2024-12-31,Bargou,Siliana,Centre,4.0,0.4,9.93,191.06,51.15,1.9,244.11,273.4,256.32,165.0,156.75
2024-12-31,Chiba,Nabeul,Cap Bon,6.0,1.2,20.06,191.06,51.15,1.9,244.11,273.4,256.32,165.0,156.75
2024-12-31,Wadi El Hajar,Nabeul,Cap Bon,2.0,0.22,10.98,191.06,51.15,1.9,244.11,273.4,256.32,165.0,156.75
2024-12-31,Masri,Nabeul,Cap Bon,5.5,0.48,8.81,191.06,51.15,1.9,244.11,273.4,256.32,165.0,156.75
2025-01-31,Sidi Salem,Béja,North,240.0,56.26,23.44,169.28,82.61,1.81,253.7,284.14,266.38,162.06,153.96
2025-01-31,Sejnane,Bizerte,North,135.0,12.05,8.93,169.28,82.61,1.81,253.7,284.14,266.38,162.06,153.96
2025-01-31,Sidi el Barrak,Béja,North,286.0,44.67,15.62,169.28,82.61,1.81,253.7,284.14,266.38,162.06,153.96
2025-01-31,Joumine,Bizerte,North,127.0,20.67,16.27,169.28,82.61,1.81,253.7,284.14,266.38,162.06,153.96
2025-01-31,Bouhertma,Jendouba,North,117.0,5.14,4.39,169.28,82.61,1.81,253.7,284.14,266.38,162.06,153.96
2025-01-31,Beni Mtir,Jendouba,North,61.0,14.83,24.32,169.28,82.61,1.81,253.7,284.14,266.38,162.06,153.96
2025-01-31,Kasseb,Béja,North,77.0,7.94,10.31,169.28,82.61,1.81,253.7,284.14,266.38,162.06,153.96
2025-01-31,Ghezala,Bizerte,North,5.5,0.18,3.34,169.28,82.61,1.81,253.7,284.14,266.38,162.06,153.96
2025-01-31,Rmel,Nabeul,North,3.0,0.57,18.85,169.28,82.61,1.81,253.7,284.14,266.38,162.06,153.96
2025-01-31,Ziatine,Bizerte,North,85.0,2.55,3.0,169.28,82.61,1.81,253.7,284.14,266.38,162.06,153.96
2025-01-31,Tessa,Béja,North,25.0,3.19,12.75,169.28,82.61,1.81,253.7,284.14,266.38,162.06,153.96
2025-01-31,Lillah,Béja,North,10.0,1.23,12.3,169.28,82.61,1.81,253.7,284.14,266.38,162.06,153.96
2025-01-31,Sidi Saad,Kairouan,Centre,154.0,39.18,25.44,169.28,82.61,1.81,253.7,284.14,266.38,162.06,153.96
2025-01-31,Nebhana,Kairouan,Centre,63.0,11.41,18.11,169.28,82.61,1.81,253.7,284.14,266.38,162.06,153.96
2025-01-31,Hajeb El Ayoun,Kairouan,Centre,32.0,3.88,12.11,169.28,82.61,1.81,253.7,284.14,266.38,162.06,153.96
2025-01-31,El Haareb,Kairouan,Centre,24.0,5.33,22.22,169.28,82.61,1.81,253.7,284.14,266.38,162.06,153.96
2025-01-31,Nailia,Sidi Bouzid,Centre,7.0,2.04,29.09,169.28,82.61,1.81,253.7,284.14,266.38,162.06,153.96
2025-01-31,Bir M'cherga,Zaghouan,Centre,40.0,7.64,19.11,169.28,82.61,1.81,253.7,284.14,266.38,162.06,153.96
2025-01-31,Lebna,Nabeul,Centre,22.0,2.76,12.54,169.28,82.61,1.81,253.7,284.14,266.38,162.06,153.96
2025-01-31,Siliana,Siliana,Centre,60.0,1.8,3.0,169.28,82.61,1.81,253.7,284.14,266.38,162.06,153.96
2025-01-31,Mellègue,Kef,Centre,197.0,5.91,3.0,169.28,82.61,1.81,253.7,284.14,266.38,162.06,153.96
2025-01-31,Sarrat,Kef,Centre,21.0,1.84,8.75,169.28,82.61,1.81,253.7,284.14,266.38,162.06,153.96
2025-01-31,El Aroussa,Siliana,Centre,8.0,0.41,5.1,169.28,82.61,1.81,253.7,284.14,266.38,162.06,153.96
2025-01-31,Bargou,Siliana,Centre,4.0,0.41,10.17,169.28,82.61,1.81,253.7,284.14,266.38,162.06,153.96
2025-01-31,Chiba,Nabeul,Cap Bon,6.0,0.79,13.09,169.28,82.61,1.81,253.7,284.14,266.38,162.06,153.96
2025-01-31,Wadi El Hajar,Nabeul,Cap Bon,2.0,0.38,18.77,169.28,82.61,1.81,253.7,284.14,266.38,162.06,153.96
2025-01-31,Masri,Nabeul,Cap Bon,5.5,0.64,11.57,169.28,82.61,1.81,253.7,284.14,266.38,162.06,153.96
2025-02-28,Sidi Salem,Béja,North,240.0,59.61,24.84,176.15,139.62,2.77,318.54,356.76,334.47,195.0,185.25
2025-02-28,Sejnane,Bizerte,North,135.0,26.69,19.77,176.15,139.62,2.77,318.54,356.76,334.47,195.0,185.25
2025-02-28,Sidi el Barrak,Béja,North,286.0,8.58,3.0,176.15,139.62,2.77,318.54,356.76,334.47,195.0,185.25
2025-02-28,Joumine,Bizerte,North,127.0,9.81,7.73,176.15,139.62,2.77,318.54,356.76,334.47,195.0,185.25
2025-02-28,Bouhertma,Jendouba,North,117.0,20.21,17.27,176.15,139.62,2.77,318.54,356.76,334.47,195.0,185.25
2025-02-28,Beni Mtir,Jendouba,North,61.0,2.74,4.48,176.15,139.62,2.77,318.54,356.76,334.47,195.0,185.25
2025-02-28,Kasseb,Béja,North,77.0,20.17,26.2,176.15,139.62,2.77,318.54,356.76,334.47,195.0,185.25
2025-02-28,Ghezala,Bizerte,North,5.5,2.06,37.37,176.15,139.62,2.77,318.54,356.76,334.47,195.0,185.25
2025-02-28,Rmel,Nabeul,North,3.0,1.01,33.63,176.15,139.62,2.77,318.54,356.76,334.47,195.0,185.25
2025-02-28,Ziatine,Bizerte,North,85.0,13.97,16.44,176.15,139.62,2.77,318.54,356.76,334.47,195.0,185.25
2025-02-28,Tessa,Béja,North,25.0,9.22,36.89,176.15,139.62,2.77,318.54,356.76,334.47,195.0,185.25
2025-02-28,Lillah,Béja,North,10.0,2.08,20.78,176.15,139.62,2.77,318.54,356.76,334.47,195.0,185.25
2025-02-28,Sidi Saad,Kairouan,Centre,154.0,23.03,14.95,176.15,139.62,2.77,318.54,356.76,334.47,195.0,185.25
2025-02-28,Nebhana,Kairouan,Centre,63.0,7.33,11.64,176.15,139.62,2.77,318.54,356.76,334.47,195.0,185.25
2025-02-28,Hajeb El Ayoun,Kairouan,Centre,32.0,4.92,15.37,176.15,139.62,2.77,318.54,356.76,334.47,195.0,185.25
2025-02-28,El Haareb,Kairouan,Centre,24.0,3.44,14.34,176.15,139.62,2.77,318.54,356.76,334.47,195.0,185.25
2025-02-28,Nailia,Sidi Bouzid,Centre,7.0,1.47,21.04,176.15,139.62,2.77,318.54,356.76,334.47,195.0,185.25
2025-02-28,Bir M'cherga,Zaghouan,Centre,40.0,8.37,20.93,176.15,139.62,2.77,318.54,356.76,334.47,195.0,185.25
2025-02-28,Lebna,Nabeul,Centre,22.0,4.19,19.04,176.15,139.62,2.77,318.54,356.76,334.47,195.0,185.25
2025-02-28,Siliana,Siliana,Centre,60.0,14.55,24.24,176.15,139.62,2.77,318.54,356.76,334.47,195.0,185.25
2025-02-28,Mellègue,Kef,Centre,197.0,65.58,33.29,176.15,139.62,2.77,318.54,356.76,334.47,195.0,185.25
2025-02-28,Sarrat,Kef,Centre,21.0,6.38,30.39,176.15,139.62,2.77,318.54,356.76,334.47,195.0,185.25
2025-02-28,El Aroussa,Siliana,Centre,8.0,0.24,3.0,176.15,139.62,2.77,318.54,356.76,334.47,195.0,185.25
2025-02-28,Bargou,Siliana,Centre,4.0,0.12,3.0,176.15,139.62,2.77,318.54,356.76,334.47,195.0,185.25
2025-02-28,Chiba,Nabeul,Cap Bon,6.0,1.81,30.21,176.15,139.62,2.77,318.54,356.76,334.47,195.0,185.25
2025-02-28,Wadi El Hajar,Nabeul,Cap Bon,2.0,0.06,3.0,176.15,139.62,2.77,318.54,356.76,334.47,195.0,185.25
2025-02-28,Masri,Nabeul,Cap Bon,5.5,0.9,16.3,176.15,139.62,2.77,318.54,356.76,334.47,195.0,185.25
2025-03-31,Sidi Salem,Béja,North,240.0,33.5,13.96,269.14,162.03,4.35,435.52,487.78,457.3,240.0,228.0
2025-03-31,Sejnane,Bizerte,North,135.0,8.61,6.38,269.14,162.03,4.35,435.52,487.78,457.3,240.0,228.0
2025-03-31,Sidi el Barrak,Béja,North,286.0,98.66,34.5,269.14,162.03,4.35,435.52,487.78,457.3,240.0,228.0
2025-03-31,Joumine,Bizerte,North,127.0,47.13,37.11,269.14,162.03,4.35,435.52,487.78,457.3,240.0,228.0
2025-03-31,Bouhertma,Jendouba,North,117.0,24.67,21.08,269.14,162.03,4.35,435.52,487.78,457.3,240.0,228.0
2025-03-31,Beni Mtir,Jendouba,North,61.0,1.83,3.0,269.14,162.03,4.35,435.52,487.78,457.3,240.0,228.0
2025-03-31,Kasseb,Béja,North,77.0,16.51,21.45,269.14,162.03,4.35,435.52,487.78,457.3,240.0,228.0
2025-03-31,Ghezala,Bizerte,North,5.5,1.8,32.7,269.14,162.03,4.35,435.52,487.78,457.3,240.0,228.0
2025-03-31,Rmel,Nabeul,North,3.0,0.31,10.25,269.14,162.03,4.35,435.52,487.78,457.3,240.0,228.0
2025-03-31,Ziatine,Bizerte,North,85.0,25.67,30.2,269.14,162.03,4.35,435.52,487.78,457.3,240.0,228.0
2025-03-31,Tessa,Béja,North,25.0,6.95,27.82,269.14,162.03,4.35,435.52,487.78,457.3,240.0,228.0
2025-03-31,Lillah,Béja,North,10.0,3.5,34.95,269.14,162.03,4.35,435.52,487.78,457.3,240.0,228.0
2025-03-31,Sidi Saad,Kairouan,Centre,154.0,45.33,29.43,269.14,162.03,4.35,435.52,487.78,457.3,240.0,228.0
2025-03-31,Nebhana,Kairouan,Centre,63.0,10.28,16.32,269.14,162.03,4.35,435.52,487.78,457.3,240.0,228.0
2025-03-31,Hajeb El Ayoun,Kairouan,Centre,32.0,13.55,42.36,269.14,162.03,4.35,435.52,487.78,457.3,240.0,228.0
2025-03-31,El Haareb,Kairouan,Centre,24.0,6.26,26.1,269.14,162.03,4.35,435.52,487.78,457.3,240.0,228.0
2025-03-31,Nailia,Sidi Bouzid,Centre,7.0,1.94,27.67,269.14,162.03,4.35,435.52,487.78,457.3,240.0,228.0
2025-03-31,Bir M'cherga,Zaghouan,Centre,40.0,6.72,16.8,269.14,162.03,4.35,435.52,487.78,457.3,240.0,228.0
2025-03-31,Lebna,Nabeul,Centre,22.0,4.99,22.68,269.14,162.03,4.35,435.52,487.78,457.3,240.0,228.0
2025-03-31,Siliana,Siliana,Centre,60.0,10.43,17.38,269.14,162.03,4.35,435.52,487.78,457.3,240.0,228.0
2025-03-31,Mellègue,Kef,Centre,197.0,51.07,25.92,269.14,162.03,4.35,435.52,487.78,457.3,240.0,228.0
2025-03-31,Sarrat,Kef,Centre,21.0,10.19,48.54,269.14,162.03,4.35,435.52,487.78,457.3,240.0,228.0
2025-03-31,El Aroussa,Siliana,Centre,8.0,0.92,11.54,269.14,162.03,4.35,435.52,487.78,457.3,240.0,228.0
2025-03-31,Bargou,Siliana,Centre,4.0,0.35,8.64,269.14,162.03,4.35,435.52,487.78,457.3,240.0,228.0
2025-03-31,Chiba,Nabeul,Cap Bon,6.0,2.74,45.65,269.14,162.03,4.35,435.52,487.78,457.3,240.0,228.0
2025-03-31,Wadi El Hajar,Nabeul,Cap Bon,2.0,0.51,25.49,269.14,162.03,4.35,435.52,487.78,457.3,240.0,228.0
2025-03-31,Masri,Nabeul,Cap Bon,5.5,1.1,19.97,269.14,162.03,4.35,435.52,487.78,457.3,240.0,228.0
2025-04-30,Sidi Salem,Béja,North,240.0,118.75,49.48,548.53,194.68,6.14,749.35,839.27,786.82,285.0,270.75
2025-04-30,Sejnane,Bizerte,North,135.0,40.14,29.73,548.53,194.68,6.14,749.35,839.27,786.82,285.0,270.75
2025-04-30,Sidi el Barrak,Béja,North,286.0,168.49,58.91,548.53,194.68,6.14,749.35,839.27,786.82,285.0,270.75
2025-04-30,Joumine,Bizerte,North,127.0,57.32,45.14,548.53,194.68,6.14,749.35,839.27,786.82,285.0,270.75
2025-04-30,Bouhertma,Jendouba,North,117.0,36.44,31.15,548.53,194.68,6.14,749.35,839.27,786.82,285.0,270.75
2025-04-30,Beni Mtir,Jendouba,North,61.0,38.36,62.89,548.53,194.68,6.14,749.35,839.27,786.82,285.0,270.75
2025-04-30,Kasseb,Béja,North,77.0,22.89,29.73,548.53,194.68,6.14,749.35,839.27,786.82,285.0,270.75
2025-04-30,Ghezala,Bizerte,North,5.5,2.52,45.91,548.53,194.68,6.14,749.35,839.27,786.82,285.0,270.75
2025-04-30,Rmel,Nabeul,North,3.0,1.22,40.59,548.53,194.68,6.14,749.35,839.27,786.82,285.0,270.75
2025-04-30,Ziatine,Bizerte,North,85.0,44.73,52.62,548.53,194.68,6.14,749.35,839.27,786.82,285.0,270.75
2025-04-30,Tessa,Béja,North,25.0,13.93,55.74,548.53,194.68,6.14,749.35,839.27,786.82,285.0,270.75
2025-04-30,Lillah,Béja,North,10.0,3.74,37.38,548.53,194.68,6.14,749.35,839.27,786.82,285.0,270.75
2025-04-30,Sidi Saad,Kairouan,Centre,154.0,43.06,27.96,548.53,194.68,6.14,749.35,839.27,786.82,285.0,270.75
2025-04-30,Nebhana,Kairouan,Centre,63.0,26.79,42.52,548.53,194.68,6.14,749.35,839.27,786.82,285.0,270.75
2025-04-30,Hajeb El Ayoun,Kairouan,Centre,32.0,9.24,28.87,548.53,194.68,6.14,749.35,839.27,786.82,285.0,270.75
2025-04-30,El Haareb,Kairouan,Centre,24.0,14.68,61.16,548.53,194.68,6.14,749.35,839.27,786.82,285.0,270.75
2025-04-30,Nailia,Sidi Bouzid,Centre,7.0,2.7,38.64,548.53,194.68,6.14,749.35,839.27,786.82,285.0,270.75
2025-04-30,Bir M'cherga,Zaghouan,Centre,40.0,13.05,32.62,548.53,194.68,6.14,749.35,839.27,786.82,285.0,270.75
2025-04-30,Lebna,Nabeul,Centre,22.0,8.63,39.22,548.53,194.68,6.14,749.35,839.27,786.82,285.0,270.75
2025-04-30,Siliana,Siliana,Centre,60.0,12.5,20.83,548.53,194.68,6.14,749.35,839.27,786.82,285.0,270.75
2025-04-30,Mellègue,Kef,Centre,197.0,49.92,25.34,548.53,194.68,6.14,749.35,839.27,786.82,285.0,270.75
2025-04-30,Sarrat,Kef,Centre,21.0,10.8,51.4,548.53,194.68,6.14,749.35,839.27,786.82,285.0,270.75
2025-04-30,El Aroussa,Siliana,Centre,8.0,2.33,29.12,548.53,194.68,6.14,749.35,839.27,786.82,285.0,270.75
2025-04-30,Bargou,Siliana,Centre,4.0,0.98,24.44,548.53,194.68,6.14,749.35,839.27,786.82,285.0,270.75
2025-04-30,Chiba,Nabeul,Cap Bon,6.0,2.61,43.44,548.53,194.68,6.14,749.35,839.27,786.82,285.0,270.75
2025-04-30,Wadi El Hajar,Nabeul,Cap Bon,2.0,1.02,51.23,548.53,194.68,6.14,749.35,839.27,786.82,285.0,270.75
2025-04-30,Masri,Nabeul,Cap Bon,5.5,2.51,45.63,548.53,194.68,6.14,749.35,839.27,786.82,285.0,270.75
2025-05-31,Sidi Salem,Béja,North,240.0,133.3,55.54,528.85,256.27,5.87,790.99,885.91,830.54,317.94,302.04
2025-05-31,Sejnane,Bizerte,North,135.0,46.58,34.51,528.85,256.27,5.87,790.99,885.91,830.54,317.94,302.04
2025-05-31,Sidi el Barrak,Béja,North,286.0,75.87,26.53,528.85,256.27,5.87,790.99,885.91,830.54,317.94,302.04
2025-05-31,Joumine,Bizerte,North,127.0,78.24,61.6,528.85,256.27,5.87,790.99,885.91,830.54,317.94,302.04
2025-05-31,Bouhertma,Jendouba,North,117.0,46.47,39.72,528.85,256.27,5.87,790.99,885.91,830.54,317.94,302.04
2025-05-31,Beni Mtir,Jendouba,North,61.0,24.75,40.58,528.85,256.27,5.87,790.99,885.91,830.54,317.94,302.04
2025-05-31,Kasseb,Béja,North,77.0,45.84,59.53,528.85,256.27,5.87,790.99,885.91,830.54,317.94,302.04
2025-05-31,Ghezala,Bizerte,North,5.5,2.76,50.26,528.85,256.27,5.87,790.99,885.91,830.54,317.94,302.04
2025-05-31,Rmel,Nabeul,North,3.0,1.47,49.06,528.85,256.27,5.87,790.99,885.91,830.54,317.94,302.04
2025-05-31,Ziatine,Bizerte,North,85.0,59.13,69.57,528.85,256.27,5.87,790.99,885.91,830.54,317.94,302.04
2025-05-31,Tessa,Béja,North,25.0,8.97,35.87,528.85,256.27,5.87,790.99,885.91,830.54,317.94,302.04
2025-05-31,Lillah,Béja,North,10.0,5.47,54.72,528.85,256.27,5.87,790.99,885.91,830.54,317.94,302.04
2025-05-31,Sidi Saad,Kairouan,Centre,154.0,68.18,44.27,528.85,256.27,5.87,790.99,885.91,830.54,317.94,302.04
2025-05-31,Nebhana,Kairouan,Centre,63.0,29.49,46.81,528.85,256.27,5.87,790.99,885.91,830.54,317.94,302.04
2025-05-31,Hajeb El Ayoun,Kairouan,Centre,32.0,19.82,61.93,528.85,256.27,5.87,790.99,885.91,830.54,317.94,302.04
2025-05-31,El Haareb,Kairouan,Centre,24.0,11.92,49.68,528.85,256.27,5.87,790.99,885.91,830.54,317.94,302.04
2025-05-31,Nailia,Sidi Bouzid,Centre,7.0,3.5,50.05,528.85,256.27,5.87,790.99,885.91,830.54,317.94,302.04
2025-05-31,Bir M'cherga,Zaghouan,Centre,40.0,22.58,56.46,528.85,256.27,5.87,790.99,885.91,830.54,317.94,302.04
2025-05-31,Lebna,Nabeul,Centre,22.0,8.63,39.21,528.85,256.27,5.87,790.99,885.91,830.54,317.94,302.04
2025-05-31,Siliana,Siliana,Centre,60.0,20.11,33.52,528.85,256.27,5.87,790.99,885.91,830.54,317.94,302.04
2025-05-31,Mellègue,Kef,Centre,197.0,61.17,31.05,528.85,256.27,5.87,790.99,885.91,830.54,317.94,302.04
2025-05-31,Sarrat,Kef,Centre,21.0,4.2,19.99,528.85,256.27,5.87,790.99,885.91,830.54,317.94,302.04
2025-05-31,El Aroussa,Siliana,Centre,8.0,5.46,68.26,528.85,256.27,5.87,790.99,885.91,830.54,317.94,302.04
2025-05-31,Bargou,Siliana,Centre,4.0,1.21,30.35,528.85,256.27,5.87,790.99,885.91,830.54,317.94,302.04
2025-05-31,Chiba,Nabeul,Cap Bon,6.0,2.46,40.93,528.85,256.27,5.87,790.99,885.91,830.54,317.94,302.04
2025-05-31,Wadi El Hajar,Nabeul,Cap Bon,2.0,0.81,40.27,528.85,256.27,5.87,790.99,885.91,830.54,317.94,302.04
2025-05-31,Masri,Nabeul,Cap Bon,5.5,2.6,47.28,528.85,256.27,5.87,790.99,885.91,830.54,317.94,302.04
2025-06-30,Sidi Salem,Béja,North,240.0,133.89,55.79,581.84,318.08,5.37,905.29,1013.92,950.55,330.0,313.5
2025-06-30,Sejnane,Bizerte,North,135.0,76.04,56.33,581.84,318.08,5.37,905.29,1013.92,950.55,330.0,313.5
2025-06-30,Sidi el Barrak,Béja,North,286.0,111.55,39.0,581.84,318.08,5.37,905.29,1013.92,950.55,330.0,313.5
2025-06-30,Joumine,Bizerte,North,127.0,55.87,43.99,581.84,318.08,5.37,905.29,1013.92,950.55,330.0,313.5
2025-06-30,Bouhertma,Jendouba,North,117.0,57.79,49.39,581.84,318.08,5.37,905.29,1013.92,950.55,330.0,313.5
2025-06-30,Beni Mtir,Jendouba,North,61.0,26.24,43.02,581.84,318.08,5.37,905.29,1013.92,950.55,330.0,313.5
2025-06-30,Kasseb,Béja,North,77.0,50.27,65.29,581.84,318.08,5.37,905.29,1013.92,950.55,330.0,313.5
2025-06-30,Ghezala,Bizerte,North,5.5,2.85,51.89,581.84,318.08,5.37,905.29,1013.92,950.55,330.0,313.5
2025-06-30,Rmel,Nabeul,North,3.0,1.64,54.82,581.84,318.08,5.37,905.29,1013.92,950.55,330.0,313.5
2025-06-30,Ziatine,Bizerte,North,85.0,45.86,53.95,581.84,318.08,5.37,905.29,1013.92,950.55,330.0,313.5
2025-06-30,Tessa,Béja,North,25.0,15.02,60.08,581.84,318.08,5.37,905.29,1013.92,950.55,330.0,313.5
2025-06-30,Lillah,Béja,North,10.0,4.82,48.17,581.84,318.08,5.37,905.29,1013.92,950.55,330.0,313.5
2025-06-30,Sidi Saad,Kairouan,Centre,154.0,46.87,30.44,581.84,318.08,5.37,905.29,1013.92,950.55,330.0,313.5
2025-06-30,Nebhana,Kairouan,Centre,63.0,32.0,50.8,581.84,318.08,5.37,905.29,1013.92,950.55,330.0,313.5
2025-06-30,Hajeb El Ayoun,Kairouan,Centre,32.0,12.22,38.18,581.84,318.08,5.37,905.29,1013.92,950.55,330.0,313.5
2025-06-30,El Haareb,Kairouan,Centre,24.0,9.52,39.66,581.84,318.08,5.37,905.29,1013.92,950.55,330.0,313.5
2025-06-30,Nailia,Sidi Bouzid,Centre,7.0,3.71,53.04,581.84,318.08,5.37,905.29,1013.92,950.55,330.0,313.5
2025-06-30,Bir M'cherga,Zaghouan,Centre,40.0,24.34,60.86,581.84,318.08,5.37,905.29,1013.92,950.55,330.0,313.5
2025-06-30,Lebna,Nabeul,Centre,22.0,10.18,46.26,581.84,318.08,5.37,905.29,1013.92,950.55,330.0,313.5
2025-06-30,Siliana,Siliana,Centre,60.0,29.82,49.71,581.84,318.08,5.37,905.29,1013.92,950.55,330.0,313.5
2025-06-30,Mellègue,Kef,Centre,197.0,130.86,66.43,581.84,318.08,5.37,905.29,1013.92,950.55,330.0,313.5
2025-06-30,Sarrat,Kef,Centre,21.0,10.27,48.89,581.84,318.08,5.37,905.29,1013.92,950.55,330.0,313.5
2025-06-30,El Aroussa,Siliana,Centre,8.0,6.18,77.22,581.84,318.08,5.37,905.29,1013.92,950.55,330.0,313.5
2025-06-30,Bargou,Siliana,Centre,4.0,2.11,52.79,581.84,318.08,5.37,905.29,1013.92,950.55,330.0,313.5
2025-06-30,Chiba,Nabeul,Cap Bon,6.0,1.49,24.87,581.84,318.08,5.37,905.29,1013.92,950.55,330.0,313.5
2025-06-30,Wadi El Hajar,Nabeul,Cap Bon,2.0,1.1,55.04,581.84,318.08,5.37,905.29,1013.92,950.55,330.0,313.5
2025-06-30,Masri,Nabeul,Cap Bon,5.5,2.78,50.57,581.84,318.08,5.37,905.29,1013.92,950.55,330.0,313.5
2025-07-31,Sidi Salem,Béja,North,240.0,141.76,59.07,522.72,276.08,7.19,805.99,902.71,846.29,317.94,302.04
2025-07-31,Sejnane,Bizerte,North,135.0,69.75,51.67,522.72,276.08,7.19,805.99,902.71,846.29,317.94,302.04
2025-07-31,Sidi el Barrak,Béja,North,286.0,119.91,41.93,522.72,276.08,7.19,805.99,902.71,846.29,317.94,302.04
2025-07-31,Joumine,Bizerte,North,127.0,36.7,28.9,522.72,276.08,7.19,805.99,902.71,846.29,317.94,302.04
2025-07-31,Bouhertma,Jendouba,North,117.0,48.06,41.08,522.72,276.08,7.19,805.99,902.71,846.29,317.94,302.04
2025-07-31,Beni Mtir,Jendouba,North,61.0,20.36,33.38,522.72,276.08,7.19,805.99,902.71,846.29,317.94,302.04
2025-07-31,Kasseb,Béja,North,77.0,28.2,36.62,522.72,276.08,7.19,805.99,902.71,846.29,317.94,302.04
2025-07-31,Ghezala,Bizerte,North,5.5,2.79,50.65,522.72,276.08,7.19,805.99,902.71,846.29,317.94,302.04
2025-07-31,Rmel,Nabeul,North,3.0,1.91,63.63,522.72,276.08,7.19,805.99,902.71,846.29,317.94,302.04
2025-07-31,Ziatine,Bizerte,North,85.0,41.08,48.32,522.72,276.08,7.19,805.99,902.71,846.29,317.94,302.04
2025-07-31,Tessa,Béja,North,25.0,7.31,29.24,522.72,276.08,7.19,805.99,902.71,846.29,317.94,302.04
2025-07-31,Lillah,Béja,North,10.0,4.89,48.92,522.72,276.08,7.19,805.99,902.71,846.29,317.94,302.04
2025-07-31,Sidi Saad,Kairouan,Centre,154.0,89.24,57.95,522.72,276.08,7.19,805.99,902.71,846.29,317.94,302.04
2025-07-31,Nebhana,Kairouan,Centre,63.0,22.85,36.27,522.72,276.08,7.19,805.99,902.71,846.29,317.94,302.04
2025-07-31,Hajeb El Ayoun,Kairouan,Centre,32.0,13.43,41.98,522.72,276.08,7.19,805.99,902.71,846.29,317.94,302.04
2025-07-31,El Haareb,Kairouan,Centre,24.0,10.5,43.76,522.72,276.08,7.19,805.99,902.71,846.29,317.94,302.04
2025-07-31,Nailia,Sidi Bouzid,Centre,7.0,2.39,34.17,522.72,276.08,7.19,805.99,902.71,846.29,317.94,302.04
2025-07-31,Bir M'cherga,Zaghouan,Centre,40.0,20.55,51.37,522.72,276.08,7.19,805.99,902.71,846.29,317.94,302.04
2025-07-31,Lebna,Nabeul,Centre,22.0,9.27,42.14,522.72,276.08,7.19,805.99,902.71,846.29,317.94,302.04
2025-07-31,Siliana,Siliana,Centre,60.0,29.17,48.62,522.72,276.08,7.19,805.99,902.71,846.29,317.94,302.04
2025-07-31,Mellègue,Kef,Centre,197.0,64.89,32.94,522.72,276.08,7.19,805.99,902.71,846.29,317.94,302.04
2025-07-31,Sarrat,Kef,Centre,21.0,8.05,38.34,522.72,276.08,7.19,805.99,902.71,846.29,317.94,302.04
2025-07-31,El Aroussa,Siliana,Centre,8.0,4.18,52.26,522.72,276.08,7.19,805.99,902.71,846.29,317.94,302.04
2025-07-31,Bargou,Siliana,Centre,4.0,1.56,39.11,522.72,276.08,7.19,805.99,902.71,846.29,317.94,302.04
2025-07-31,Chiba,Nabeul,Cap Bon,6.0,3.86,64.31,522.72,276.08,7.19,805.99,902.71,846.29,317.94,302.04
2025-07-31,Wadi El Hajar,Nabeul,Cap Bon,2.0,0.78,38.79,522.72,276.08,7.19,805.99,902.71,846.29,317.94,302.04
2025-07-31,Masri,Nabeul,Cap Bon,5.5,2.55,46.28,522.72,276.08,7.19,805.99,902.71,846.29,317.94,302.04
2025-08-31,Sidi Salem,Béja,North,240.0,115.66,48.19,414.9,254.8,5.66,675.36,756.4,709.13,285.0,270.75
2025-08-31,Sejnane,Bizerte,North,135.0,26.97,19.98,414.9,254.8,5.66,675.36,756.4,709.13,285.0,270.75
2025-08-31,Sidi el Barrak,Béja,North,286.0,45.39,15.87,414.9,254.8,5.66,675.36,756.4,709.13,285.0,270.75
2025-08-31,Joumine,Bizerte,North,127.0,23.74,18.69,414.9,254.8,5.66,675.36,756.4,709.13,285.0,270.75
2025-08-31,Bouhertma,Jendouba,North,117.0,61.02,52.15,414.9,254.8,5.66,675.36,756.4,709.13,285.0,270.75
2025-08-31,Beni Mtir,Jendouba,North,61.0,18.53,30.38,414.9,254.8,5.66,675.36,756.4,709.13,285.0,270.75
2025-08-31,Kasseb,Béja,North,77.0,52.13,67.7,414.9,254.8,5.66,675.36,756.4,709.13,285.0,270.75
2025-08-31,Ghezala,Bizerte,North,5.5,1.66,30.23,414.9,254.8,5.66,675.36,756.4,709.13,285.0,270.75
2025-08-31,Rmel,Nabeul,North,3.0,1.18,39.21,414.9,254.8,5.66,675.36,756.4,709.13,285.0,270.75
2025-08-31,Ziatine,Bizerte,North,85.0,47.18,55.51,414.9,254.8,5.66,675.36,756.4,709.13,285.0,270.75
2025-08-31,Tessa,Béja,North,25.0,15.27,61.07,414.9,254.8,5.66,675.36,756.4,709.13,285.0,270.75
2025-08-31,Lillah,Béja,North,10.0,6.17,61.74,414.9,254.8,5.66,675.36,756.4,709.13,285.0,270.75
2025-08-31,Sidi Saad,Kairouan,Centre,154.0,79.31,51.5,414.9,254.8,5.66,675.36,756.4,709.13,285.0,270.75
2025-08-31,Nebhana,Kairouan,Centre,63.0,31.05,49.29,414.9,254.8,5.66,675.36,756.4,709.13,285.0,270.75
2025-08-31,Hajeb El Ayoun,Kairouan,Centre,32.0,14.12,44.11,414.9,254.8,5.66,675.36,756.4,709.13,285.0,270.75
2025-08-31,El Haareb,Kairouan,Centre,24.0,11.12,46.34,414.9,254.8,5.66,675.36,756.4,709.13,285.0,270.75
2025-08-31,Nailia,Sidi Bouzid,Centre,7.0,2.13,30.39,414.9,254.8,5.66,675.36,756.4,709.13,285.0,270.75
2025-08-31,Bir M'cherga,Zaghouan,Centre,40.0,10.87,27.18,414.9,254.8,5.66,675.36,756.4,709.13,285.0,270.75
2025-08-31,Lebna,Nabeul,Centre,22.0,8.13,36.96,414.9,254.8,5.66,675.36,756.4,709.13,285.0,270.75
2025-08-31,Siliana,Siliana,Centre,60.0,20.97,34.96,414.9,254.8,5.66,675.36,756.4,709.13,285.0,270.75
2025-08-31,Mellègue,Kef,Centre,197.0,62.18,31.56,414.9,254.8,5.66,675.36,756.4,709.13,285.0,270.75
2025-08-31,Sarrat,Kef,Centre,21.0,9.52,45.36,414.9,254.8,5.66,675.36,756.4,709.13,285.0,270.75
2025-08-31,El Aroussa,Siliana,Centre,8.0,3.88,48.46,414.9,254.8,5.66,675.36,756.4,709.13,285.0,270.75
2025-08-31,Bargou,Siliana,Centre,4.0,1.52,38.06,414.9,254.8,5.66,675.36,756.4,709.13,285.0,270.75
2025-08-31,Chiba,Nabeul,Cap Bon,6.0,3.28,54.73,414.9,254.8,5.66,675.36,756.4,709.13,285.0,270.75
2025-08-31,Wadi El Hajar,Nabeul,Cap Bon,2.0,0.47,23.3,414.9,254.8,5.66,675.36,756.4,709.13,285.0,270.75
2025-08-31,Masri,Nabeul,Cap Bon,5.5,1.91,34.68,414.9,254.8,5.66,675.36,756.4,709.13,285.0,270.75
2025-09-30,Sidi Salem,Béja,North,240.0,46.56,19.4,294.62,177.9,3.25,475.77,532.86,499.56,240.0,228.0
2025-09-30,Sejnane,Bizerte,North,135.0,7.56,5.6,294.62,177.9,3.25,475.77,532.86,499.56,240.0,228.0
2025-09-30,Sidi el Barrak,Béja,North,286.0,77.24,27.01,294.62,177.9,3.25,475.77,532.86,499.56,240.0,228.0
2025-09-30,Joumine,Bizerte,North,127.0,33.7,26.54,294.62,177.9,3.25,475.77,532.86,499.56,240.0,228.0
2025-09-30,Bouhertma,Jendouba,North,117.0,54.01,46.16,294.62,177.9,3.25,475.77,532.86,499.56,240.0,228.0
2025-09-30,Beni Mtir,Jendouba,North,61.0,21.7,35.57,294.62,177.9,3.25,475.77,532.86,499.56,240.0,228.0
2025-09-30,Kasseb,Béja,North,77.0,12.1,15.71,294.62,177.9,3.25,475.77,532.86,499.56,240.0,228.0
2025-09-30,Ghezala,Bizerte,North,5.5,2.76,50.25,294.62,177.9,3.25,475.77,532.86,499.56,240.0,228.0
2025-09-30,Rmel,Nabeul,North,3.0,1.28,42.65,294.62,177.9,3.25,475.77,532.86,499.56,240.0,228.0
2025-09-30,Ziatine,Bizerte,North,85.0,29.74,34.99,294.62,177.9,3.25,475.77,532.86,499.56,240.0,228.0
2025-09-30,Tessa,Béja,North,25.0,6.32,25.28,294.62,177.9,3.25,475.77,532.86,499.56,240.0,228.0
2025-09-30,Lillah,Béja,North,10.0,1.65,16.49,294.62,177.9,3.25,475.77,532.86,499.56,240.0,228.0
2025-09-30,Sidi Saad,Kairouan,Centre,154.0,36.24,23.53,294.62,177.9,3.25,475.77,532.86,499.56,240.0,228.0
2025-09-30,Nebhana,Kairouan,Centre,63.0,25.87,41.06,294.62,177.9,3.25,475.77,532.86,499.56,240.0,228.0
2025-09-30,Hajeb El Ayoun,Kairouan,Centre,32.0,16.2,50.62,294.62,177.9,3.25,475.77,532.86,499.56,240.0,228.0
2025-09-30,El Haareb,Kairouan,Centre,24.0,11.16,46.52,294.62,177.9,3.25,475.77,532.86,499.56,240.0,228.0
2025-09-30,Nailia,Sidi Bouzid,Centre,7.0,1.55,22.13,294.62,177.9,3.25,475.77,532.86,499.56,240.0,228.0
2025-09-30,Bir M'cherga,Zaghouan,Centre,40.0,5.83,14.56,294.62,177.9,3.25,475.77,532.86,499.56,240.0,228.0
2025-09-30,Lebna,Nabeul,Centre,22.0,6.53,29.69,294.62,177.9,3.25,475.77,532.86,499.56,240.0,228.0
2025-09-30,Siliana,Siliana,Centre,60.0,4.07,6.78,294.62,177.9,3.25,475.77,532.86,499.56,240.0,228.0
2025-09-30,Mellègue,Kef,Centre,197.0,62.8,31.88,294.62,177.9,3.25,475.77,532.86,499.56,240.0,228.0
2025-09-30,Sarrat,Kef,Centre,21.0,5.51,26.23,294.62,177.9,3.25,475.77,532.86,499.56,240.0,228.0
2025-09-30,El Aroussa,Siliana,Centre,8.0,1.79,22.41,294.62,177.9,3.25,475.77,532.86,499.56,240.0,228.0
2025-09-30,Bargou,Siliana,Centre,4.0,0.35,8.86,294.62,177.9,3.25,475.77,532.86,499.56,240.0,228.0
2025-09-30,Chiba,Nabeul,Cap Bon,6.0,2.05,34.16,294.62,177.9,3.25,475.77,532.86,499.56,240.0,228.0
2025-09-30,Wadi El Hajar,Nabeul,Cap Bon,2.0,0.43,21.61,294.62,177.9,3.25,475.77,532.86,499.56,240.0,228.0
2025-09-30,Masri,Nabeul,Cap Bon,5.5,0.77,13.96,294.62,177.9,3.25,475.77,532.86,499.56,240.0,228.0
2025-10-31,Sidi Salem,Béja,North,240.0,7.2,3.0,274.2,111.36,3.2,388.76,435.41,408.2,195.0,185.25
2025-10-31,Sejnane,Bizerte,North,135.0,25.2,18.67,274.2,111.36,3.2,388.76,435.41,408.2,195.0,185.25
2025-10-31,Sidi el Barrak,Béja,North,286.0,115.16,40.27,274.2,111.36,3.2,388.76,435.41,408.2,195.0,185.25
2025-10-31,Joumine,Bizerte,North,127.0,49.45,38.94,274.2,111.36,3.2,388.76,435.41,408.2,195.0,185.25
2025-10-31,Bouhertma,Jendouba,North,117.0,15.81,13.51,274.2,111.36,3.2,388.76,435.41,408.2,195.0,185.25
2025-10-31,Beni Mtir,Jendouba,North,61.0,7.18,11.77,274.2,111.36,3.2,388.76,435.41,408.2,195.0,185.25
2025-10-31,Kasseb,Béja,North,77.0,18.96,24.63,274.2,111.36,3.2,388.76,435.41,408.2,195.0,185.25
2025-10-31,Ghezala,Bizerte,North,5.5,0.39,7.02,274.2,111.36,3.2,388.76,435.41,408.2,195.0,185.25
2025-10-31,Rmel,Nabeul,North,3.0,0.68,22.62,274.2,111.36,3.2,388.76,435.41,408.2,195.0,185.25
2025-10-31,Ziatine,Bizerte,North,85.0,23.96,28.19,274.2,111.36,3.2,388.76,435.41,408.2,195.0,185.25
2025-10-31,Tessa,Béja,North,25.0,8.43,33.72,274.2,111.36,3.2,388.76,435.41,408.2,195.0,185.25
2025-10-31,Lillah,Béja,North,10.0,1.78,17.8,274.2,111.36,3.2,388.76,435.41,408.2,195.0,185.25
2025-10-31,Sidi Saad,Kairouan,Centre,154.0,25.5,16.56,274.2,111.36,3.2,388.76,435.41,408.2,195.0,185.25
2025-10-31,Nebhana,Kairouan,Centre,63.0,5.33,8.46,274.2,111.36,3.2,388.76,435.41,408.2,195.0,185.25
2025-10-31,Hajeb El Ayoun,Kairouan,Centre,32.0,2.9,9.08,274.2,111.36,3.2,388.76,435.41,408.2,195.0,185.25
2025-10-31,El Haareb,Kairouan,Centre,24.0,3.91,16.28,274.2,111.36,3.2,388.76,435.41,408.2,195.0,185.25
2025-10-31,Nailia,Sidi Bouzid,Centre,7.0,1.64,23.41,274.2,111.36,3.2,388.76,435.41,408.2,195.0,185.25
2025-10-31,Bir M'cherga,Zaghouan,Centre,40.0,11.99,29.96,274.2,111.36,3.2,388.76,435.41,408.2,195.0,185.25
2025-10-31,Lebna,Nabeul,Centre,22.0,2.06,9.36,274.2,111.36,3.2,388.76,435.41,408.2,195.0,185.25
2025-10-31,Siliana,Siliana,Centre,60.0,22.15,36.91,274.2,111.36,3.2,388.76,435.41,408.2,195.0,185.25
2025-10-31,Mellègue,Kef,Centre,197.0,31.02,15.75,274.2,111.36,3.2,388.76,435.41,408.2,195.0,185.25
2025-10-31,Sarrat,Kef,Centre,21.0,3.94,18.74,274.2,111.36,3.2,388.76,435.41,408.2,195.0,185.25
2025-10-31,El Aroussa,Siliana,Centre,8.0,0.8,10.03,274.2,111.36,3.2,388.76,435.41,408.2,195.0,185.25
2025-10-31,Bargou,Siliana,Centre,4.0,0.12,3.0,274.2,111.36,3.2,388.76,435.41,408.2,195.0,185.25
2025-10-31,Chiba,Nabeul,Cap Bon,6.0,1.78,29.61,274.2,111.36,3.2,388.76,435.41,408.2,195.0,185.25
2025-10-31,Wadi El Hajar,Nabeul,Cap Bon,2.0,0.56,27.84,274.2,111.36,3.2,388.76,435.41,408.2,195.0,185.25
2025-10-31,Masri,Nabeul,Cap Bon,5.5,0.86,15.62,274.2,111.36,3.2,388.76,435.41,408.2,195.0,185.25
2025-11-30,Sidi Salem,Béja,North,240.0,31.72,13.22,127.16,71.31,1.21,199.68,223.64,209.66,162.06,153.96
2025-11-30,Sejnane,Bizerte,North,135.0,25.11,18.6,127.16,71.31,1.21,199.68,223.64,209.66,162.06,153.96
2025-11-30,Sidi el Barrak,Béja,North,286.0,8.58,3.0,127.16,71.31,1.21,199.68,223.64,209.66,162.06,153.96
2025-11-30,Joumine,Bizerte,North,127.0,7.7,6.06,127.16,71.31,1.21,199.68,223.64,209.66,162.06,153.96
2025-11-30,Bouhertma,Jendouba,North,117.0,25.67,21.94,127.16,71.31,1.21,199.68,223.64,209.66,162.06,153.96
2025-11-30,Beni Mtir,Jendouba,North,61.0,1.83,3.0,127.16,71.31,1.21,199.68,223.64,209.66,162.06,153.96
2025-11-30,Kasseb,Béja,North,77.0,12.27,15.93,127.16,71.31,1.21,199.68,223.64,209.66,162.06,153.96
2025-11-30,Ghezala,Bizerte,North,5.5,0.16,3.0,127.16,71.31,1.21,199.68,223.64,209.66,162.06,153.96
2025-11-30,Rmel,Nabeul,North,3.0,0.54,18.01,127.16,71.31,1.21,199.68,223.64,209.66,162.06,153.96
2025-11-30,Ziatine,Bizerte,North,85.0,10.19,11.98,127.16,71.31,1.21,199.68,223.64,209.66,162.06,153.96
2025-11-30,Tessa,Béja,North,25.0,0.75,3.0,127.16,71.31,1.21,199.68,223.64,209.66,162.06,153.96
2025-11-30,Lillah,Béja,North,10.0,2.64,26.39,127.16,71.31,1.21,199.68,223.64,209.66,162.06,153.96
2025-11-30,Sidi Saad,Kairouan,Centre,154.0,5.54,3.6,127.16,71.31,1.21,199.68,223.64,209.66,162.06,153.96
2025-11-30,Nebhana,Kairouan,Centre,63.0,1.89,3.0,127.16,71.31,1.21,199.68,223.64,209.66,162.06,153.96
2025-11-30,Hajeb El Ayoun,Kairouan,Centre,32.0,4.74,14.82,127.16,71.31,1.21,199.68,223.64,209.66,162.06,153.96
2025-11-30,El Haareb,Kairouan,Centre,24.0,6.29,26.2,127.16,71.31,1.21,199.68,223.64,209.66,162.06,153.96
2025-11-30,Nailia,Sidi Bouzid,Centre,7.0,0.21,3.0,127.16,71.31,1.21,199.68,223.64,209.66,162.06,153.96
2025-11-30,Bir M'cherga,Zaghouan,Centre,40.0,5.26,13.15,127.16,71.31,1.21,199.68,223.64,209.66,162.06,153.96
2025-11-30,Lebna,Nabeul,Centre,22.0,3.86,17.56,127.16,71.31,1.21,199.68,223.64,209.66,162.06,153.96
2025-11-30,Siliana,Siliana,Centre,60.0,12.44,20.73,127.16,71.31,1.21,199.68,223.64,209.66,162.06,153.96
2025-11-30,Mellègue,Kef,Centre,197.0,28.62,14.53,127.16,71.31,1.21,199.68,223.64,209.66,162.06,153.96
2025-11-30,Sarrat,Kef,Centre,21.0,1.68,8.01,127.16,71.31,1.21,199.68,223.64,209.66,162.06,153.96
2025-11-30,El Aroussa,Siliana,Centre,8.0,0.24,3.0,127.16,71.31,1.21,199.68,223.64,209.66,162.06,153.96
2025-11-30,Bargou,Siliana,Centre,4.0,0.54,13.45,127.16,71.31,1.21,199.68,223.64,209.66,162.06,153.96
2025-11-30,Chiba,Nabeul,Cap Bon,6.0,0.18,3.0,127.16,71.31,1.21,199.68,223.64,209.66,162.06,153.96
2025-11-30,Wadi El Hajar,Nabeul,Cap Bon,2.0,0.06,3.0,127.16,71.31,1.21,199.68,223.64,209.66,162.06,153.96
2025-11-30,Masri,Nabeul,Cap Bon,5.5,0.97,17.65,127.16,71.31,1.21,199.68,223.64,209.66,162.06,153.96
2025-12-31,Sidi Salem,Béja,North,240.0,50.03,20.85,138.89,64.65,1.59,205.13,229.75,215.39,150.0,142.5
2025-12-31,Sejnane,Bizerte,North,135.0,4.05,3.0,138.89,64.65,1.59,205.13,229.75,215.39,150.0,142.5
2025-12-31,Sidi el Barrak,Béja,North,286.0,8.58,3.0,138.89,64.65,1.59,205.13,229.75,215.39,150.0,142.5
2025-12-31,Joumine,Bizerte,North,127.0,22.14,17.43,138.89,64.65,1.59,205.13,229.75,215.39,150.0,142.5
2025-12-31,Bouhertma,Jendouba,North,117.0,40.59,34.69,138.89,64.65,1.59,205.13,229.75,215.39,150.0,142.5
2025-12-31,Beni Mtir,Jendouba,North,61.0,6.25,10.25,138.89,64.65,1.59,205.13,229.75,215.39,150.0,142.5
2025-12-31,Kasseb,Béja,North,77.0,2.31,3.0,138.89,64.65,1.59,205.13,229.75,215.39,150.0,142.5
2025-12-31,Ghezala,Bizerte,North,5.5,0.43,7.81,138.89,64.65,1.59,205.13,229.75,215.39,150.0,142.5
2025-12-31,Rmel,Nabeul,North,3.0,0.79,26.5,138.89,64.65,1.59,205.13,229.75,215.39,150.0,142.5
2025-12-31,Ziatine,Bizerte,North,85.0,2.55,3.0,138.89,64.65,1.59,205.13,229.75,215.39,150.0,142.5
2025-12-31,Tessa,Béja,North,25.0,0.75,3.0,138.89,64.65,1.59,205.13,229.75,215.39,150.0,142.5
2025-12-31,Lillah,Béja,North,10.0,0.42,4.21,138.89,64.65,1.59,205.13,229.75,215.39,150.0,142.5
2025-12-31,Sidi Saad,Kairouan,Centre,154.0,4.62,3.0,138.89,64.65,1.59,205.13,229.75,215.39,150.0,142.5
2025-12-31,Nebhana,Kairouan,Centre,63.0,7.23,11.47,138.89,64.65,1.59,205.13,229.75,215.39,150.0,142.5
2025-12-31,Hajeb El Ayoun,Kairouan,Centre,32.0,9.44,29.5,138.89,64.65,1.59,205.13,229.75,215.39,150.0,142.5
2025-12-31,El Haareb,Kairouan,Centre,24.0,3.33,13.88,138.89,64.65,1.59,205.13,229.75,215.39,150.0,142.5
2025-12-31,Nailia,Sidi Bouzid,Centre,7.0,0.49,6.97,138.89,64.65,1.59,205.13,229.75,215.39,150.0,142.5
2025-12-31,Bir M'cherga,Zaghouan,Centre,40.0,2.6,6.5,138.89,64.65,1.59,205.13,229.75,215.39,150.0,142.5
2025-12-31,Lebna,Nabeul,Centre,22.0,0.66,3.0,138.89,64.65,1.59,205.13,229.75,215.39,150.0,142.5
2025-12-31,Siliana,Siliana,Centre,60.0,12.36,20.6,138.89,64.65,1.59,205.13,229.75,215.39,150.0,142.5
2025-12-31,Mellègue,Kef,Centre,197.0,17.86,9.07,138.89,64.65,1.59,205.13,229.75,215.39,150.0,142.5
2025-12-31,Sarrat,Kef,Centre,21.0,1.65,7.83,138.89,64.65,1.59,205.13,229.75,215.39,150.0,142.5
2025-12-31,El Aroussa,Siliana,Centre,8.0,3.87,48.32,138.89,64.65,1.59,205.13,229.75,215.39,150.0,142.5
2025-12-31,Bargou,Siliana,Centre,4.0,0.54,13.59,138.89,64.65,1.59,205.13,229.75,215.39,150.0,142.5
2025-12-31,Chiba,Nabeul,Cap Bon,6.0,0.18,3.0,138.89,64.65,1.59,205.13,229.75,215.39,150.0,142.5
2025-12-31,Wadi El Hajar,Nabeul,Cap Bon,2.0,0.1,4.88,138.89,64.65,1.59,205.13,229.75,215.39,150.0,142.5
2025-12-31,Masri,Nabeul,Cap Bon,5.5,1.31,23.78,138.89,64.65,1.59,205.13,229.75,215.39,150.0,142.5
2026-01-31,Sidi Salem,Béja,North,240.0,37.85,15.77,218.14,88.65,1.24,308.03,344.99,323.43,147.06,139.71
2026-01-31,Sejnane,Bizerte,North,135.0,4.05,3.0,218.14,88.65,1.24,308.03,344.99,323.43,147.06,139.71
2026-01-31,Sidi el Barrak,Béja,North,286.0,72.76,25.44,218.14,88.65,1.24,308.03,344.99,323.43,147.06,139.71
2026-01-31,Joumine,Bizerte,North,127.0,8.12,6.39,218.14,88.65,1.24,308.03,344.99,323.43,147.06,139.71
2026-01-31,Bouhertma,Jendouba,North,117.0,43.16,36.89,218.14,88.65,1.24,308.03,344.99,323.43,147.06,139.71
2026-01-31,Beni Mtir,Jendouba,North,61.0,16.7,27.37,218.14,88.65,1.24,308.03,344.99,323.43,147.06,139.71
2026-01-31,Kasseb,Béja,North,77.0,6.96,9.04,218.14,88.65,1.24,308.03,344.99,323.43,147.06,139.71
2026-01-31,Ghezala,Bizerte,North,5.5,1.64,29.78,218.14,88.65,1.24,308.03,344.99,323.43,147.06,139.71
2026-01-31,Rmel,Nabeul,North,3.0,0.46,15.23,218.14,88.65,1.24,308.03,344.99,323.43,147.06,139.71
2026-01-31,Ziatine,Bizerte,North,85.0,20.95,24.64,218.14,88.65,1.24,308.03,344.99,323.43,147.06,139.71
2026-01-31,Tessa,Béja,North,25.0,5.06,20.23,218.14,88.65,1.24,308.03,344.99,323.43,147.06,139.71
2026-01-31,Lillah,Béja,North,10.0,0.43,4.26,218.14,88.65,1.24,308.03,344.99,323.43,147.06,139.71
2026-01-31,Sidi Saad,Kairouan,Centre,154.0,10.3,6.69,218.14,88.65,1.24,308.03,344.99,323.43,147.06,139.71
2026-01-31,Nebhana,Kairouan,Centre,63.0,16.87,26.77,218.14,88.65,1.24,308.03,344.99,323.43,147.06,139.71
2026-01-31,Hajeb El Ayoun,Kairouan,Centre,32.0,3.33,10.39,218.14,88.65,1.24,308.03,344.99,323.43,147.06,139.71
2026-01-31,El Haareb,Kairouan,Centre,24.0,2.3,9.57,218.14,88.65,1.24,308.03,344.99,323.43,147.06,139.71
2026-01-31,Nailia,Sidi Bouzid,Centre,7.0,0.21,3.0,218.14,88.65,1.24,308.03,344.99,323.43,147.06,139.71
2026-01-31,Bir M'cherga,Zaghouan,Centre,40.0,7.8,19.49,218.14,88.65,1.24,308.03,344.99,323.43,147.06,139.71
2026-01-31,Lebna,Nabeul,Centre,22.0,8.62,39.16,218.14,88.65,1.24,308.03,344.99,323.43,147.06,139.71
2026-01-31,Siliana,Siliana,Centre,60.0,1.8,3.0,218.14,88.65,1.24,308.03,344.99,323.43,147.06,139.71
2026-01-31,Mellègue,Kef,Centre,197.0,28.96,14.7,218.14,88.65,1.24,308.03,344.99,323.43,147.06,139.71
2026-01-31,Sarrat,Kef,Centre,21.0,6.59,31.36,218.14,88.65,1.24,308.03,344.99,323.43,147.06,139.71
2026-01-31,El Aroussa,Siliana,Centre,8.0,1.08,13.46,218.14,88.65,1.24,308.03,344.99,323.43,147.06,139.71
2026-01-31,Bargou,Siliana,Centre,4.0,0.79,19.84,218.14,88.65,1.24,308.03,344.99,323.43,147.06,139.71
2026-01-31,Chiba,Nabeul,Cap Bon,6.0,0.18,3.0,218.14,88.65,1.24,308.03,344.99,323.43,147.06,139.71
2026-01-31,Wadi El Hajar,Nabeul,Cap Bon,2.0,0.39,19.55,218.14,88.65,1.24,308.03,344.99,323.43,147.06,139.71
2026-01-31,Masri,Nabeul,Cap Bon,5.5,0.67,12.17,218.14,88.65,1.24,308.03,344.99,323.43,147.06,139.71
2026-02-28,Sidi Salem,Béja,North,240.0,78.79,32.83,398.65,148.04,1.88,548.57,614.4,576.0,180.0,171.0
2026-02-28,Sejnane,Bizerte,North,135.0,47.59,35.25,398.65,148.04,1.88,548.57,614.4,576.0,180.0,171.0
2026-02-28,Sidi el Barrak,Béja,North,286.0,148.93,52.07,398.65,148.04,1.88,548.57,614.4,576.0,180.0,171.0
2026-02-28,Joumine,Bizerte,North,127.0,35.5,27.96,398.65,148.04,1.88,548.57,614.4,576.0,180.0,171.0
2026-02-28,Bouhertma,Jendouba,North,117.0,29.14,24.91,398.65,148.04,1.88,548.57,614.4,576.0,180.0,171.0
2026-02-28,Beni Mtir,Jendouba,North,61.0,14.23,23.33,398.65,148.04,1.88,548.57,614.4,576.0,180.0,171.0
2026-02-28,Kasseb,Béja,North,77.0,12.91,16.76,398.65,148.04,1.88,548.57,614.4,576.0,180.0,171.0
2026-02-28,Ghezala,Bizerte,North,5.5,1.38,25.06,398.65,148.04,1.88,548.57,614.4,576.0,180.0,171.0
2026-02-28,Rmel,Nabeul,North,3.0,0.52,17.46,398.65,148.04,1.88,548.57,614.4,576.0,180.0,171.0
2026-02-28,Ziatine,Bizerte,North,85.0,19.57,23.02,398.65,148.04,1.88,548.57,614.4,576.0,180.0,171.0
2026-02-28,Tessa,Béja,North,25.0,9.2,36.81,398.65,148.04,1.88,548.57,614.4,576.0,180.0,171.0
2026-02-28,Lillah,Béja,North,10.0,0.89,8.92,398.65,148.04,1.88,548.57,614.4,576.0,180.0,171.0
2026-02-28,Sidi Saad,Kairouan,Centre,154.0,53.4,34.68,398.65,148.04,1.88,548.57,614.4,576.0,180.0,171.0
2026-02-28,Nebhana,Kairouan,Centre,63.0,23.19,36.81,398.65,148.04,1.88,548.57,614.4,576.0,180.0,171.0
2026-02-28,Hajeb El Ayoun,Kairouan,Centre,32.0,6.27,19.58,398.65,148.04,1.88,548.57,614.4,576.0,180.0,171.0
2026-02-28,El Haareb,Kairouan,Centre,24.0,0.72,3.0,398.65,148.04,1.88,548.57,614.4,576.0,180.0,171.0
2026-02-28,Nailia,Sidi Bouzid,Centre,7.0,0.96,13.71,398.65,148.04,1.88,548.57,614.4,576.0,180.0,171.0
2026-02-28,Bir M'cherga,Zaghouan,Centre,40.0,14.63,36.56,398.65,148.04,1.88,548.57,614.4,576.0,180.0,171.0
2026-02-28,Lebna,Nabeul,Centre,22.0,4.56,20.73,398.65,148.04,1.88,548.57,614.4,576.0,180.0,171.0
2026-02-28,Siliana,Siliana,Centre,60.0,5.41,9.01,398.65,148.04,1.88,548.57,614.4,576.0,180.0,171.0
2026-02-28,Mellègue,Kef,Centre,197.0,29.44,14.94,398.65,148.04,1.88,548.57,614.4,576.0,180.0,171.0
2026-02-28,Sarrat,Kef,Centre,21.0,6.53,31.09,398.65,148.04,1.88,548.57,614.4,576.0,180.0,171.0
2026-02-28,El Aroussa,Siliana,Centre,8.0,2.2,27.56,398.65,148.04,1.88,548.57,614.4,576.0,180.0,171.0
2026-02-28,Bargou,Siliana,Centre,4.0,0.73,18.13,398.65,148.04,1.88,548.57,614.4,576.0,180.0,171.0
2026-02-28,Chiba,Nabeul,Cap Bon,6.0,1.0,16.6,398.65,148.04,1.88,548.57,614.4,576.0,180.0,171.0
2026-02-28,Wadi El Hajar,Nabeul,Cap Bon,2.0,0.33,16.3,398.65,148.04,1.88,548.57,614.4,576.0,180.0,171.0
2026-02-28,Masri,Nabeul,Cap Bon,5.5,0.55,9.93,398.65,148.04,1.88,548.57,614.4,576.0,180.0,171.0
2026-03-31,Sidi Salem,Béja,North,240.0,118.52,49.38,473.14,180.28,4.69,658.11,737.08,691.02,225.0,213.75
2026-03-31,Sejnane,Bizerte,North,135.0,35.28,26.13,473.14,180.28,4.69,658.11,737.08,691.02,225.0,213.75
2026-03-31,Sidi el Barrak,Béja,North,286.0,127.57,44.61,473.14,180.28,4.69,658.11,737.08,691.02,225.0,213.75
2026-03-31,Joumine,Bizerte,North,127.0,61.28,48.26,473.14,180.28,4.69,658.11,737.08,691.02,225.0,213.75
2026-03-31,Bouhertma,Jendouba,North,117.0,49.12,41.98,473.14,180.28,4.69,658.11,737.08,691.02,225.0,213.75
2026-03-31,Beni Mtir,Jendouba,North,61.0,15.14,24.82,473.14,180.28,4.69,658.11,737.08,691.02,225.0,213.75
2026-03-31,Kasseb,Béja,North,77.0,26.83,34.84,473.14,180.28,4.69,658.11,737.08,691.02,225.0,213.75
2026-03-31,Ghezala,Bizerte,North,5.5,1.63,29.71,473.14,180.28,4.69,658.11,737.08,691.02,225.0,213.75
2026-03-31,Rmel,Nabeul,North,3.0,0.57,19.16,473.14,180.28,4.69,658.11,737.08,691.02,225.0,213.75
2026-03-31,Ziatine,Bizerte,North,85.0,28.81,33.89,473.14,180.28,4.69,658.11,737.08,691.02,225.0,213.75
2026-03-31,Tessa,Béja,North,25.0,3.96,15.85,473.14,180.28,4.69,658.11,737.08,691.02,225.0,213.75
2026-03-31,Lillah,Béja,North,10.0,4.43,44.25,473.14,180.28,4.69,658.11,737.08,691.02,225.0,213.75
2026-03-31,Sidi Saad,Kairouan,Centre,154.0,37.61,24.42,473.14,180.28,4.69,658.11,737.08,691.02,225.0,213.75
2026-03-31,Nebhana,Kairouan,Centre,63.0,20.42,32.41,473.14,180.28,4.69,658.11,737.08,691.02,225.0,213.75
2026-03-31,Hajeb El Ayoun,Kairouan,Centre,32.0,10.69,33.4,473.14,180.28,4.69,658.11,737.08,691.02,225.0,213.75
2026-03-31,El Haareb,Kairouan,Centre,24.0,6.45,26.89,473.14,180.28,4.69,658.11,737.08,691.02,225.0,213.75
2026-03-31,Nailia,Sidi Bouzid,Centre,7.0,2.59,37.04,473.14,180.28,4.69,658.11,737.08,691.02,225.0,213.75
2026-03-31,Bir M'cherga,Zaghouan,Centre,40.0,9.72,24.3,473.14,180.28,4.69,658.11,737.08,691.02,225.0,213.75
2026-03-31,Lebna,Nabeul,Centre,22.0,8.9,40.46,473.14,180.28,4.69,658.11,737.08,691.02,225.0,213.75
2026-03-31,Siliana,Siliana,Centre,60.0,8.31,13.85,473.14,180.28,4.69,658.11,737.08,691.02,225.0,213.75
2026-03-31,Mellègue,Kef,Centre,197.0,62.09,31.52,473.14,180.28,4.69,658.11,737.08,691.02,225.0,213.75
2026-03-31,Sarrat,Kef,Centre,21.0,11.19,53.27,473.14,180.28,4.69,658.11,737.08,691.02,225.0,213.75
2026-03-31,El Aroussa,Siliana,Centre,8.0,1.44,18.0,473.14,180.28,4.69,658.11,737.08,691.02,225.0,213.75
2026-03-31,Bargou,Siliana,Centre,4.0,0.87,21.87,473.14,180.28,4.69,658.11,737.08,691.02,225.0,213.75
2026-03-31,Chiba,Nabeul,Cap Bon,6.0,2.17,36.17,473.14,180.28,4.69,658.11,737.08,691.02,225.0,213.75
2026-03-31,Wadi El Hajar,Nabeul,Cap Bon,2.0,0.64,32.15,473.14,180.28,4.69,658.11,737.08,691.02,225.0,213.75
2026-03-31,Masri,Nabeul,Cap Bon,5.5,1.88,34.21,473.14,180.28,4.69,658.11,737.08,691.02,225.0,213.75
2026-04-30,Sidi Salem,Béja,North,240.0,107.69,44.87,552.55,260.67,6.45,819.67,918.03,860.65,270.0,256.5
2026-04-30,Sejnane,Bizerte,North,135.0,62.93,46.62,552.55,260.67,6.45,819.67,918.03,860.65,270.0,256.5
2026-04-30,Sidi el Barrak,Béja,North,286.0,149.62,52.32,552.55,260.67,6.45,819.67,918.03,860.65,270.0,256.5
2026-04-30,Joumine,Bizerte,North,127.0,55.78,43.92,552.55,260.67,6.45,819.67,918.03,860.65,270.0,256.5
2026-04-30,Bouhertma,Jendouba,North,117.0,42.24,36.1,552.55,260.67,6.45,819.67,918.03,860.65,270.0,256.5
2026-04-30,Beni Mtir,Jendouba,North,61.0,28.71,47.07,552.55,260.67,6.45,819.67,918.03,860.65,270.0,256.5
2026-04-30,Kasseb,Béja,North,77.0,47.58,61.8,552.55,260.67,6.45,819.67,918.03,860.65,270.0,256.5
2026-04-30,Ghezala,Bizerte,North,5.5,2.06,37.41,552.55,260.67,6.45,819.67,918.03,860.65,270.0,256.5
2026-04-30,Rmel,Nabeul,North,3.0,0.82,27.31,552.55,260.67,6.45,819.67,918.03,860.65,270.0,256.5
2026-04-30,Ziatine,Bizerte,North,85.0,44.44,52.28,552.55,260.67,6.45,819.67,918.03,860.65,270.0,256.5
2026-04-30,Tessa,Béja,North,25.0,9.39,37.56,552.55,260.67,6.45,819.67,918.03,860.65,270.0,256.5
2026-04-30,Lillah,Béja,North,10.0,1.29,12.93,552.55,260.67,6.45,819.67,918.03,860.65,270.0,256.5
2026-04-30,Sidi Saad,Kairouan,Centre,154.0,75.72,49.17,552.55,260.67,6.45,819.67,918.03,860.65,270.0,256.5
2026-04-30,Nebhana,Kairouan,Centre,63.0,20.52,32.58,552.55,260.67,6.45,819.67,918.03,860.65,270.0,256.5
2026-04-30,Hajeb El Ayoun,Kairouan,Centre,32.0,12.13,37.91,552.55,260.67,6.45,819.67,918.03,860.65,270.0,256.5
2026-04-30,El Haareb,Kairouan,Centre,24.0,10.32,42.98,552.55,260.67,6.45,819.67,918.03,860.65,270.0,256.5
2026-04-30,Nailia,Sidi Bouzid,Centre,7.0,2.89,41.29,552.55,260.67,6.45,819.67,918.03,860.65,270.0,256.5
2026-04-30,Bir M'cherga,Zaghouan,Centre,40.0,19.01,47.51,552.55,260.67,6.45,819.67,918.03,860.65,270.0,256.5
2026-04-30,Lebna,Nabeul,Centre,22.0,7.43,33.77,552.55,260.67,6.45,819.67,918.03,860.65,270.0,256.5
2026-04-30,Siliana,Siliana,Centre,60.0,27.09,45.16,552.55,260.67,6.45,819.67,918.03,860.65,270.0,256.5
2026-04-30,Mellègue,Kef,Centre,197.0,70.69,35.89,552.55,260.67,6.45,819.67,918.03,860.65,270.0,256.5
2026-04-30,Sarrat,Kef,Centre,21.0,10.05,47.87,552.55,260.67,6.45,819.67,918.03,860.65,270.0,256.5
2026-04-30,El Aroussa,Siliana,Centre,8.0,3.71,46.38,552.55,260.67,6.45,819.67,918.03,860.65,270.0,256.5
2026-04-30,Bargou,Siliana,Centre,4.0,1.11,27.77,552.55,260.67,6.45,819.67,918.03,860.65,270.0,256.5
2026-04-30,Chiba,Nabeul,Cap Bon,6.0,3.12,52.03,552.55,260.67,6.45,819.67,918.03,860.65,270.0,256.5
2026-04-30,Wadi El Hajar,Nabeul,Cap Bon,2.0,0.65,32.57,552.55,260.67,6.45,819.67,918.03,860.65,270.0,256.5
2026-04-30,Masri,Nabeul,Cap Bon,5.5,2.68,48.7,552.55,260.67,6.45,819.67,918.03,860.65,270.0,256.5
2026-05-31,Sidi Salem,Béja,North,240.0,119.99,50.0,558.89,299.81,5.57,864.27,967.98,907.48,302.94,287.79
2026-05-31,Sejnane,Bizerte,North,135.0,91.32,67.65,558.89,299.81,5.57,864.27,967.98,907.48,302.94,287.79
2026-05-31,Sidi el Barrak,Béja,North,286.0,122.71,42.91,558.89,299.81,5.57,864.27,967.98,907.48,302.94,287.79
2026-05-31,Joumine,Bizerte,North,127.0,52.57,41.4,558.89,299.81,5.57,864.27,967.98,907.48,302.94,287.79
2026-05-31,Bouhertma,Jendouba,North,117.0,53.07,45.36,558.89,299.81,5.57,864.27,967.98,907.48,302.94,287.79
2026-05-31,Beni Mtir,Jendouba,North,61.0,25.59,41.95,558.89,299.81,5.57,864.27,967.98,907.48,302.94,287.79
2026-05-31,Kasseb,Béja,North,77.0,42.49,55.19,558.89,299.81,5.57,864.27,967.98,907.48,302.94,287.79
2026-05-31,Ghezala,Bizerte,North,5.5,1.44,26.19,558.89,299.81,5.57,864.27,967.98,907.48,302.94,287.79
2026-05-31,Rmel,Nabeul,North,3.0,0.99,32.94,558.89,299.81,5.57,864.27,967.98,907.48,302.94,287.79
2026-05-31,Ziatine,Bizerte,North,85.0,27.86,32.77,558.89,299.81,5.57,864.27,967.98,907.48,302.94,287.79
2026-05-31,Tessa,Béja,North,25.0,14.25,56.99,558.89,299.81,5.57,864.27,967.98,907.48,302.94,287.79
2026-05-31,Lillah,Béja,North,10.0,6.61,66.12,558.89,299.81,5.57,864.27,967.98,907.48,302.94,287.79
2026-05-31,Sidi Saad,Kairouan,Centre,154.0,68.28,44.34,558.89,299.81,5.57,864.27,967.98,907.48,302.94,287.79
2026-05-31,Nebhana,Kairouan,Centre,63.0,27.44,43.56,558.89,299.81,5.57,864.27,967.98,907.48,302.94,287.79
2026-05-31,Hajeb El Ayoun,Kairouan,Centre,32.0,14.86,46.43,558.89,299.81,5.57,864.27,967.98,907.48,302.94,287.79
2026-05-31,El Haareb,Kairouan,Centre,24.0,14.29,59.53,558.89,299.81,5.57,864.27,967.98,907.48,302.94,287.79
2026-05-31,Nailia,Sidi Bouzid,Centre,7.0,2.41,34.46,558.89,299.81,5.57,864.27,967.98,907.48,302.94,287.79
2026-05-31,Bir M'cherga,Zaghouan,Centre,40.0,19.38,48.45,558.89,299.81,5.57,864.27,967.98,907.48,302.94,287.79
2026-05-31,Lebna,Nabeul,Centre,22.0,12.6,57.29,558.89,299.81,5.57,864.27,967.98,907.48,302.94,287.79
2026-05-31,Siliana,Siliana,Centre,60.0,30.96,51.6,558.89,299.81,5.57,864.27,967.98,907.48,302.94,287.79
2026-05-31,Mellègue,Kef,Centre,197.0,94.29,47.86,558.89,299.81,5.57,864.27,967.98,907.48,302.94,287.79
2026-05-31,Sarrat,Kef,Centre,21.0,12.1,57.6,558.89,299.81,5.57,864.27,967.98,907.48,302.94,287.79
2026-05-31,El Aroussa,Siliana,Centre,8.0,1.05,13.15,558.89,299.81,5.57,864.27,967.98,907.48,302.94,287.79
2026-05-31,Bargou,Siliana,Centre,4.0,2.15,53.72,558.89,299.81,5.57,864.27,967.98,907.48,302.94,287.79
2026-05-31,Chiba,Nabeul,Cap Bon,6.0,2.26,37.74,558.89,299.81,5.57,864.27,967.98,907.48,302.94,287.79
2026-05-31,Wadi El Hajar,Nabeul,Cap Bon,2.0,0.47,23.62,558.89,299.81,5.57,864.27,967.98,907.48,302.94,287.79
2026-05-31,Masri,Nabeul,Cap Bon,5.5,2.84,51.72,558.89,299.81,5.57,864.27,967.98,907.48,302.94,287.79
2026-06-30,Sidi Salem,Béja,North,240.0,154.76,64.48,691.28,263.88,5.59,960.75,1076.04,1008.79,315.0,299.25
2026-06-30,Sejnane,Bizerte,North,135.0,62.57,46.35,691.28,263.88,5.59,960.75,1076.04,1008.79,315.0,299.25
2026-06-30,Sidi el Barrak,Béja,North,286.0,169.98,59.43,691.28,263.88,5.59,960.75,1076.04,1008.79,315.0,299.25
2026-06-30,Joumine,Bizerte,North,127.0,85.53,67.35,691.28,263.88,5.59,960.75,1076.04,1008.79,315.0,299.25
2026-06-30,Bouhertma,Jendouba,North,117.0,74.62,63.78,691.28,263.88,5.59,960.75,1076.04,1008.79,315.0,299.25
2026-06-30,Beni Mtir,Jendouba,North,61.0,41.28,67.68,691.28,263.88,5.59,960.75,1076.04,1008.79,315.0,299.25
2026-06-30,Kasseb,Béja,North,77.0,43.82,56.91,691.28,263.88,5.59,960.75,1076.04,1008.79,315.0,299.25
2026-06-30,Ghezala,Bizerte,North,5.5,2.69,48.91,691.28,263.88,5.59,960.75,1076.04,1008.79,315.0,299.25
2026-06-30,Rmel,Nabeul,North,3.0,0.86,28.78,691.28,263.88,5.59,960.75,1076.04,1008.79,315.0,299.25
2026-06-30,Ziatine,Bizerte,North,85.0,38.29,45.05,691.28,263.88,5.59,960.75,1076.04,1008.79,315.0,299.25
2026-06-30,Tessa,Béja,North,25.0,9.47,37.88,691.28,263.88,5.59,960.75,1076.04,1008.79,315.0,299.25
2026-06-30,Lillah,Béja,North,10.0,7.41,74.05,691.28,263.88,5.59,960.75,1076.04,1008.79,315.0,299.25
2026-06-30,Sidi Saad,Kairouan,Centre,154.0,70.67,45.89,691.28,263.88,5.59,960.75,1076.04,1008.79,315.0,299.25
2026-06-30,Nebhana,Kairouan,Centre,63.0,31.17,49.48,691.28,263.88,5.59,960.75,1076.04,1008.79,315.0,299.25
2026-06-30,Hajeb El Ayoun,Kairouan,Centre,32.0,17.48,54.62,691.28,263.88,5.59,960.75,1076.04,1008.79,315.0,299.25
2026-06-30,El Haareb,Kairouan,Centre,24.0,11.65,48.52,691.28,263.88,5.59,960.75,1076.04,1008.79,315.0,299.25
2026-06-30,Nailia,Sidi Bouzid,Centre,7.0,4.78,68.34,691.28,263.88,5.59,960.75,1076.04,1008.79,315.0,299.25
2026-06-30,Bir M'cherga,Zaghouan,Centre,40.0,16.21,40.53,691.28,263.88,5.59,960.75,1076.04,1008.79,315.0,299.25
2026-06-30,Lebna,Nabeul,Centre,22.0,11.07,50.34,691.28,263.88,5.59,960.75,1076.04,1008.79,315.0,299.25
2026-06-30,Siliana,Siliana,Centre,60.0,23.45,39.09,691.28,263.88,5.59,960.75,1076.04,1008.79,315.0,299.25
2026-06-30,Mellègue,Kef,Centre,197.0,63.35,32.16,691.28,263.88,5.59,960.75,1076.04,1008.79,315.0,299.25
2026-06-30,Sarrat,Kef,Centre,21.0,8.54,40.66,691.28,263.88,5.59,960.75,1076.04,1008.79,315.0,299.25
2026-06-30,El Aroussa,Siliana,Centre,8.0,3.8,47.56,691.28,263.88,5.59,960.75,1076.04,1008.79,315.0,299.25
2026-06-30,Bargou,Siliana,Centre,4.0,1.71,42.85,691.28,263.88,5.59,960.75,1076.04,1008.79,315.0,299.25
2026-06-30,Chiba,Nabeul,Cap Bon,6.0,2.38,39.69,691.28,263.88,5.59,960.75,1076.04,1008.79,315.0,299.25
2026-06-30,Wadi El Hajar,Nabeul,Cap Bon,2.0,0.62,31.12,691.28,263.88,5.59,960.75,1076.04,1008.79,315.0,299.25
2026-06-30,Masri,Nabeul,Cap Bon,5.5,2.59,47.0,691.28,263.88,5.59,960.75,1076.04,1008.79,315.0,299.25
2026-07-31,Sidi Salem,Béja,North,240.0,66.08,27.53,478.46,265.41,5.42,749.29,839.2,786.75,302.94,287.79
2026-07-31,Sejnane,Bizerte,North,135.0,73.86,54.71,478.46,265.41,5.42,749.29,839.2,786.75,302.94,287.79
2026-07-31,Sidi el Barrak,Béja,North,286.0,133.21,46.58,478.46,265.41,5.42,749.29,839.2,786.75,302.94,287.79
2026-07-31,Joumine,Bizerte,North,127.0,35.68,28.1,478.46,265.41,5.42,749.29,839.2,786.75,302.94,287.79
2026-07-31,Bouhertma,Jendouba,North,117.0,49.0,41.88,478.46,265.41,5.42,749.29,839.2,786.75,302.94,287.79
2026-07-31,Beni Mtir,Jendouba,North,61.0,22.3,36.56,478.46,265.41,5.42,749.29,839.2,786.75,302.94,287.79
2026-07-31,Kasseb,Béja,North,77.0,38.05,49.42,478.46,265.41,5.42,749.29,839.2,786.75,302.94,287.79
2026-07-31,Ghezala,Bizerte,North,5.5,3.39,61.67,478.46,265.41,5.42,749.29,839.2,786.75,302.94,287.79
2026-07-31,Rmel,Nabeul,North,3.0,0.69,23.09,478.46,265.41,5.42,749.29,839.2,786.75,302.94,287.79
2026-07-31,Ziatine,Bizerte,North,85.0,39.92,46.97,478.46,265.41,5.42,749.29,839.2,786.75,302.94,287.79
2026-07-31,Tessa,Béja,North,25.0,10.92,43.67,478.46,265.41,5.42,749.29,839.2,786.75,302.94,287.79
2026-07-31,Lillah,Béja,North,10.0,5.36,53.64,478.46,265.41,5.42,749.29,839.2,786.75,302.94,287.79
2026-07-31,Sidi Saad,Kairouan,Centre,154.0,74.15,48.15,478.46,265.41,5.42,749.29,839.2,786.75,302.94,287.79
2026-07-31,Nebhana,Kairouan,Centre,63.0,23.04,36.56,478.46,265.41,5.42,749.29,839.2,786.75,302.94,287.79
2026-07-31,Hajeb El Ayoun,Kairouan,Centre,32.0,13.36,41.76,478.46,265.41,5.42,749.29,839.2,786.75,302.94,287.79
2026-07-31,El Haareb,Kairouan,Centre,24.0,8.65,36.04,478.46,265.41,5.42,749.29,839.2,786.75,302.94,287.79
2026-07-31,Nailia,Sidi Bouzid,Centre,7.0,4.1,58.5,478.46,265.41,5.42,749.29,839.2,786.75,302.94,287.79
2026-07-31,Bir M'cherga,Zaghouan,Centre,40.0,18.34,45.84,478.46,265.41,5.42,749.29,839.2,786.75,302.94,287.79
2026-07-31,Lebna,Nabeul,Centre,22.0,15.05,68.4,478.46,265.41,5.42,749.29,839.2,786.75,302.94,287.79
2026-07-31,Siliana,Siliana,Centre,60.0,26.92,44.86,478.46,265.41,5.42,749.29,839.2,786.75,302.94,287.79
2026-07-31,Mellègue,Kef,Centre,197.0,73.06,37.09,478.46,265.41,5.42,749.29,839.2,786.75,302.94,287.79
2026-07-31,Sarrat,Kef,Centre,21.0,5.76,27.42,478.46,265.41,5.42,749.29,839.2,786.75,302.94,287.79
2026-07-31,El Aroussa,Siliana,Centre,8.0,1.92,23.95,478.46,265.41,5.42,749.29,839.2,786.75,302.94,287.79
2026-07-31,Bargou,Siliana,Centre,4.0,1.06,26.58,478.46,265.41,5.42,749.29,839.2,786.75,302.94,287.79
2026-07-31,Chiba,Nabeul,Cap Bon,6.0,2.93,48.79,478.46,265.41,5.42,749.29,839.2,786.75,302.94,287.79
2026-07-31,Wadi El Hajar,Nabeul,Cap Bon,2.0,1.03,51.69,478.46,265.41,5.42,749.29,839.2,786.75,302.94,287.79
2026-07-31,Masri,Nabeul,Cap Bon,5.5,1.46,26.61,478.46,265.41,5.42,749.29,839.2,786.75,302.94,287.79
2026-08-31,Sidi Salem,Béja,North,240.0,119.38,49.74,499.88,245.25,5.56,750.69,840.77,788.22,270.0,256.5
2026-08-31,Sejnane,Bizerte,North,135.0,44.82,33.2,499.88,245.25,5.56,750.69,840.77,788.22,270.0,256.5
2026-08-31,Sidi el Barrak,Béja,North,286.0,116.58,40.76,499.88,245.25,5.56,750.69,840.77,788.22,270.0,256.5
2026-08-31,Joumine,Bizerte,North,127.0,74.1,58.35,499.88,245.25,5.56,750.69,840.77,788.22,270.0,256.5
2026-08-31,Bouhertma,Jendouba,North,117.0,58.22,49.76,499.88,245.25,5.56,750.69,840.77,788.22,270.0,256.5
2026-08-31,Beni Mtir,Jendouba,North,61.0,21.82,35.78,499.88,245.25,5.56,750.69,840.77,788.22,270.0,256.5
2026-08-31,Kasseb,Béja,North,77.0,21.8,28.31,499.88,245.25,5.56,750.69,840.77,788.22,270.0,256.5
2026-08-31,Ghezala,Bizerte,North,5.5,0.72,13.18,499.88,245.25,5.56,750.69,840.77,788.22,270.0,256.5
2026-08-31,Rmel,Nabeul,North,3.0,0.91,30.37,499.88,245.25,5.56,750.69,840.77,788.22,270.0,256.5
2026-08-31,Ziatine,Bizerte,North,85.0,31.0,36.47,499.88,245.25,5.56,750.69,840.77,788.22,270.0,256.5
2026-08-31,Tessa,Béja,North,25.0,6.79,27.15,499.88,245.25,5.56,750.69,840.77,788.22,270.0,256.5
2026-08-31,Lillah,Béja,North,10.0,3.74,37.42,499.88,245.25,5.56,750.69,840.77,788.22,270.0,256.5
2026-08-31,Sidi Saad,Kairouan,Centre,154.0,61.48,39.92,499.88,245.25,5.56,750.69,840.77,788.22,270.0,256.5
2026-08-31,Nebhana,Kairouan,Centre,63.0,22.87,36.3,499.88,245.25,5.56,750.69,840.77,788.22,270.0,256.5
2026-08-31,Hajeb El Ayoun,Kairouan,Centre,32.0,9.98,31.2,499.88,245.25,5.56,750.69,840.77,788.22,270.0,256.5
2026-08-31,El Haareb,Kairouan,Centre,24.0,9.85,41.02,499.88,245.25,5.56,750.69,840.77,788.22,270.0,256.5
2026-08-31,Nailia,Sidi Bouzid,Centre,7.0,3.1,44.3,499.88,245.25,5.56,750.69,840.77,788.22,270.0,256.5
2026-08-31,Bir M'cherga,Zaghouan,Centre,40.0,10.37,25.92,499.88,245.25,5.56,750.69,840.77,788.22,270.0,256.5
2026-08-31,Lebna,Nabeul,Centre,22.0,12.3,55.93,499.88,245.25,5.56,750.69,840.77,788.22,270.0,256.5
2026-08-31,Siliana,Siliana,Centre,60.0,22.69,37.82,499.88,245.25,5.56,750.69,840.77,788.22,270.0,256.5
2026-08-31,Mellègue,Kef,Centre,197.0,77.28,39.23,499.88,245.25,5.56,750.69,840.77,788.22,270.0,256.5
2026-08-31,Sarrat,Kef,Centre,21.0,9.97,47.5,499.88,245.25,5.56,750.69,840.77,788.22,270.0,256.5
2026-08-31,El Aroussa,Siliana,Centre,8.0,3.34,41.8,499.88,245.25,5.56,750.69,840.77,788.22,270.0,256.5
2026-08-31,Bargou,Siliana,Centre,4.0,2.02,50.44,499.88,245.25,5.56,750.69,840.77,788.22,270.0,256.5
2026-08-31,Chiba,Nabeul,Cap Bon,6.0,2.55,42.45,499.88,245.25,5.56,750.69,840.77,788.22,270.0,256.5
2026-08-31,Wadi El Hajar,Nabeul,Cap Bon,2.0,0.63,31.65,499.88,245.25,5.56,750.69,840.77,788.22,270.0,256.5
2026-08-31,Masri,Nabeul,Cap Bon,5.5,2.38,43.34,499.88,245.25,5.56,750.69,840.77,788.22,270.0,256.5
